title,ranking,year,duration,genre,rating,directors,votes
 18 Wheels of Justice,261.,(2000–2001),Desconhecido,"Action, Crime, Drama",7.386666666666667,,191.0
 24,714.,(2001–2010),42 min,"Action, Crime, Drama",8.417592592592593,,156267.0
 4 Against Z,728.,(2005–2007),27 min,"Action, Adventure, Mystery",,,0.0
 77 Sunset Strip,729.,(1958–1964),60 min,"Action, Crime, Drama",7.68,,7687.0
 A Nero Wolfe Mystery,209.,(2001–2002),Desconhecido,"Action, Drama, Mystery",8.466666666666669,,2445.0
 Acapulco H.E.A.T.,"1,071.",(1998– ),44 min,"Action, Adventure",5.836363636363637,,722.0
 Ace Lightning,"1,078.",(2002– ),Desconhecido,,,,0.0
 Achtung Zoll!,"1,083.",(1980–1981),Desconhecido,"Action, Thriller",,,0.0
 Adventure Inc.,"1,103.",(2002–2003),43 min,"Action, Adventure, Fantasy",8.385714285714286,,346.0
 Adventurer,"1,125.",(1986–1987),26 min,"Action, Drama",,,0.0
 Adventures of Superman,"1,377.",(1952–1958),30 min,"Action, Adventure, Crime",7.5617647058823545,"George Blair,Thomas Carr,George Reeves,Noel Neill,Jack Larson,John Hamilton, George Blair,Thomas Carr,George Reeves,Jack Larson,Noel Neill,John Hamilton, Thomas Carr,Lee Sholem,George Reeves,Phyllis Coates,Jack Larson,John Hamilton, Lee Sholem,Thomas Carr,George Reeves,Phyllis Coates,Jack Larson,John Hamilton, George Blair,Howard Bretherton,George Reeves,Jack Larson,Noel Neill,John Hamilton",15579.0
 Air America,"1,428.",(1998–1999),Desconhecido,,6.966666666666666,,121.0
 Airwolf,"1,479.",(1984–1986),48 min,"Action, Adventure, Sci-Fi",6.512987012987014,,7251.0
 Aladdin,"1,531.",(1994–1995),21 min,"Animation, Action, Adventure",7.3,"Rob LaDuca,Toby Shelton,Scott Weinger,Val Bettin,Dan Castellaneta,Jim Cummings",476.0
 Alarm Code 112,100.,(1996),87 min,"Action, Drama",8.8,,7.0
 Alarm für Cobra 11 - Die Autobahnpolizei,210.,(1996– ),46 min,"Action, Adventure, Crime",6.625735294117647,,4864.0
 Alarm für Cobra 11 - Einsatz für Team 2,553.,(2003–2015),46 min,"Action, Crime, Drama",7.457142857142857,,108.0
 Alfa Papa Tango,"1,683.",(1990–1991),Desconhecido,"Action, Drama, Romance",,,0.0
 Alias,"1,734.",(2001–2006),42 min,"Action, Drama, Mystery",7.730208333333334,"Ken Olin,J.J. Abrams,Jennifer Garner,Ron Rifkin,Michael Vartan,Carl Lumbly",45664.0
 Alienators: Evolution Continues,"1,793.",(2001–2002),22 min,"Action, Animation, Comedy",,"Fabrice Beau,Pascal Gaugry,Camille Prinele,Will Meugniot,Kirby Morrow,Andrew Francis,Mark Acheson,Tony Alcantar",0.0
 All Grown Up!,"1,794.",(2003–2008),23 min,"Animation, Action, Adventure",6.9818181818181815,"Andrei Svislotski,Jim Duffy,Elizabeth Daily,Nancy Cartwright,Kath Soucie,Cheryl Chase",476.0
 American Dragon: Jake Long,"1,836.",(2005–2007),21 min,"Animation, Action, Comedy",7.818181818181818,"Christian Roman,Kong Qing Chang,Dante Basco,Jeff Bennett,Amy Bruckner,John DiMaggio",1491.0
 American Gladiators,"1,840.",(1989–1997),Desconhecido,,6.2,,58.0
 Andromeda,"1,863.",(2000–2005),43 min,"Action, Adventure, Drama",6.979207920792078,,19041.0
 Angel,"1,989.",(1999–2004),42 min,"Action, Drama, Fantasy",8.099074074074073,"Steven S. DeKnight,Joss Whedon,John Blush,David Boreanaz,James Marsters,J. August Richards,Amy Acker, Skip Schoolnik,John Blush,David Boreanaz,James Marsters,J. August Richards,Amy Acker, David Fury,John Blush,David Boreanaz,James Marsters,J. August Richards,Amy Acker, Joss Whedon,John Blush,David Boreanaz,James Marsters,J. August Richards,Amy Acker",202171.0
 Antivicio,"2,076.",(2000– ),Desconhecido,,,"Vicente Torres,Tito Álvarez,Joan Crosas,Fanny Gautier,Armando del Río,Carme Elias",0.0
 Archiv des Todes,"2,079.",(1980– ),57 min,"Drama, War, Action",5.574999999999999,,99.0
 Atomic Betty,"2,092.",(2004–2010),Desconhecido,,,,0.0
 Aux frontières du possible,"2,093.",(1971–1974),Desconhecido,"Action, Adventure, Crime",6.2749999999999995,,34.0
 Avatar: The Last Airbender,"2,100.",(2005–2008),25 min,"Animation, Action, Adventure",8.245454545454546,"Dave Filoni,Lauren MacMullan,Zach Tyler Eisen,Mae Whitman,Jack De Sena,Dante Basco",48937.0
 Avengers: United They Stand,"2,111.",(1999–2000),22 min,"Animation, Action, Adventure",5.433333333333333,,806.0
 B.A.D. Cats,"2,292.",(1980),Desconhecido,,8.7,,10.0
 Babylon 5,"2,328.",(1993–1998),44 min,"Action, Adventure, Drama",7.841284403669725,,81716.0
 Backup,"2,448.",(1995–1997),Desconhecido,"Action, Crime, Drama",7.0,,5.0
 Batman,"2,550.",(1966–1968),25 min,"Action, Adventure, Comedy",7.5203389830508485,,44110.0
 Batman Beyond,"2,451.",(1999–2001),22 min,"Animation, Action, Adventure",7.715686274509805,,25502.0
 Batman: The Animated Series,"2,652.",(1992–1995),22 min,"Animation, Action, Adventure",7.895180722891566,"Dan Riba,Dick Sebast,Kevin Conroy,Efrem Zimbalist Jr.,Julie Brown,Zale Kessler",145434.0
 Battle Dome,"2,767.",(1999–2001),43 min,"Action, Adventure, Game-Show",,"Bob Levy,Brian Lockwood,Carla Alapont,Sydney 'Big Dawg' Colston,Terry Crews,Mike De Luca",0.0
 Battleground: The Art of War,574.,(2005–2006),Desconhecido,,9.0,,10.0
 Battlestar Galactica,"2,805.",(2004–2009),47 min,"Action, Adventure, Drama, Action, Adventure, Sci-Fi",7.635849056603774,"Richard A. Colla,Alan J. Levi,Richard Hatch,Dirk Benedict,Lorne Greene,Herbert Jefferson Jr.",73601.0
 Baywatch,264.,(1989–2001),42 min,"Action, Adventure, Crime",5.793248945147679,"Gregory J. Bonann,Douglas Schwartz,David Hasselhoff,Billy Warlock,Erika Eleniak,Jeremy Jackson, Georg Fenady,Gregory J. Bonann,David Hasselhoff,Brooke Burns,Michael Bergin,Brandy Ledford",30282.0
 Baywatch Nights,"2,856.",(1995–1997),Desconhecido,"Action, Crime, Drama",5.5627906976744175,,1459.0
 Bearcats!,"2,888.",(1971),60 min,"Action, Adventure, War",6.984615384615386,,113.0
 Beast Wars: Transformers,"2,907.",(1996–1999),Desconhecido,,8.200000000000001,"J. Falconer,George Samilski,Susan Blu,Jim Byrnes,Garry Chalk,Ian James Corlett, Steve Sacks,Cal Shumiatcher,Jim Byrnes,Garry Chalk,Ian James Corlett,David Kaye, Colin Davies,Asaph Fipke,Garry Chalk,Ian James Corlett,David Kaye,Campbell Lane",619.0
 BeastMaster,"2,909.",(1999–2002),43 min,"Action, Adventure, Fantasy",7.012698412698413,"Richard Franklin,Ian 'Thistle' Thorburn,Daniel Goddard,Jeremy Callaghan,Steven Grives,Colin Handley",1832.0
 BeetleBorgs,"3,009.",(1996–1998),20 min,"Action, Adventure, Comedy",6.621621621621622,,338.0
 Benzin im Blut,"2,983.",(1999– ),Desconhecido,,,,0.0
 Berlin Break,"2,987.",(1993– ),Desconhecido,,,,0.0
 Bert D'Angelo/Superstar,"2,989.",(1976),60 min,"Action, Crime, Drama",,"Bill Bixby,William Hale,Paul Sorvino,Allison Giannini,Scott Colomby,David Huffman",0.0
 Bex &amp; Blanche,"2,992.",(1993–1994),Desconhecido,,,,0.0
 Beyond Westworld,"2,994.",(1980),60 min,"Action, Crime, Mystery",4.925,,141.0
 Big Brother VIP: México,"3,036.",(2002– ),Desconhecido,,,,0.0
 Big Guy and Rusty the Boy Robot,"3,078.",(1999–2001),Desconhecido,,,,0.0
 Big Wolf on Campus,"3,111.",(1999–2002),Desconhecido,,7.219298245614035,,1078.0
 Biker Mice from Mars,"3,138.",(1993–1996),Desconhecido,,6.9363636363636365,,413.0
 Birds of Prey,"3,217.",(2002–2003),41 min,"Action, Adventure, Drama",6.921428571428571,,1958.0
 Black Sash,"3,348.",(2003),Desconhecido,"Action, Drama",7.82,,65.0
 Black Scorpion,"3,355.",(2001),42 min,"Action, Crime, Drama",6.199999999999999,,497.0
 Black Sheep Squadron,"2,295.",(1976–1978),60 min,"Action, Adventure, Drama",7.8352941176470585,"Alex Beaton,Ivan Dixon,Robert Conrad,Simon Oakland,Dana Elcar,James Whitmore Jr.",2291.0
 Blade: The Series,578.,(2006–2023),88 min,"Action, Drama, Fantasy",6.4,,559.0
 Blitzkrieg Squadron Changeman,"5,895.",(1985–1986),Desconhecido,,,,0.0
 Blue Heelers,"3,519.",(1994–2006),Desconhecido,"Action, Crime, Drama",7.9678646934460895,"Riccardo Pellizzeri,Richard Sarell,Grant Bowler,Damian Walshe-Howling,Lisa McCune,William McInnes",5343.0
 Blue Seed,"2,078.",(1994–1995),23 min,"Animation, Action, Adventure",,"Shin'ya Sadamitsu,Jun Kamiya,Matt Greenfield,Wendy Hughes,Jason Lee,Jôji Nakata",0.0
 Blue Thunder,"3,878.",(1984),48 min,"Action, Crime, Drama",6.536363636363637,,365.0
 Bob Morane,"3,889.",(1964– ),Desconhecido,,,,0.0
 Bodyguards,"3,892.",(1996– ),45 min,Action,6.3,,46.0
 Bonkers,"3,898.",(1993–1994),Desconhecido,"Animation, Short, Action",8.238095238095237,"David Block,Eddy Houchins,Larry Latham,Jeff Bennett,Rodger Bumpass,Jodi Carlisle,Nancy Cartwright, David Block,Roy Wilson,Jim Cummings,Dorian Harewood,Billie Hayes,Chuck McCann",261.0
 Buck Rogers in the 25th Century,562.,(1979–1981),60 min,"Action, Adventure, Sci-Fi",6.619354838709679,,7017.0
 Buffy the Vampire Slayer,573.,(1997–2003),60 min,"Action, Drama, Fantasy",7.982394366197183,"Charles Martin Smith,Joss Whedon,Sarah Michelle Gellar,Nicholas Brendon,Alyson Hannigan,Charisma Carpenter",470081.0
 Bugs,"4,141.",(1995–1999),Desconhecido,"Action, Crime, Sci-Fi",7.8549999999999995,,541.0
 Bureau Kruislaan,"4,182.",(1992–1995),25 min,"Action, Drama",,,0.0
 Burke's Law,"4,183.",(1963–1966),60 min,"Action, Adventure, Crime",7.592499999999999,,3024.0
 Buzz Lightyear of Star Command,"4,284.",(2000–2001),Desconhecido,"Animation, Action, Adventure",7.241071428571429,"Don MacKinnon,Chris Rutkowski,Lior Ashkenazi,Diedrich Bader,Jeff Bennett,Jim Cummings",1434.0
 C-16: FBI,"4,321.",(1997–1998),Desconhecido,"Action, Crime, Drama",7.938461538461538,,222.0
 CBS Summer Playhouse,214.,(1987–1989),60 min,"Action, Adventure, Comedy",5.766666666666667,,229.0
 CI5: The New Professionals,"4,338.",(1998–1999),48 min,"Action, Adventure, Crime",6.423076923076923,,198.0
 CSI: Miami,"4,437.",(2002–2012),45 min,"Action, Crime, Drama",7.09418604651163,"Karen Gaviola,Eagle Egilsson,David Caruso,Emily Procter,Adam Rodriguez,Khandi Alexander",35950.0
 CSI: NY,"4,439.",(2004–2013),42 min,"Action, Crime, Drama",7.183783783783784,"DeLucci Daniel,Nelson McCormick,Gary Sinise,Melina Kanakaredes,Carmine Giovinazzo,Vanessa Ferlito, John Peters,John Peters,Gary Sinise,Melina Kanakaredes,Carmine Giovinazzo,Anna Belknap",12323.0
 Caccia al ladro d'autore,"4,476.",(1985– ),Desconhecido,,,,0.0
 Cade's County,"4,484.",(1971–1972),60 min,"Action, Crime, Drama",7.691304347826088,,362.0
 Call Red,"4,508.",(1996– ),Desconhecido,,,,0.0
 Cannon,"4,539.",(1971–1976),60 min,"Action, Crime, Drama",7.785593220338981,,9961.0
 Captain Power and the Soldiers of the Future,"4,649.",(1987–1988),22 min,"Action, Sci-Fi",7.731818181818183,,465.0
 Captain Simian &amp; The Space Monkeys,"4,677.",(1996–1997),Desconhecido,,8.1,,10.0
 Captain Video and His Video Rangers,"4,678.",(1949–1955),Desconhecido,,,,0.0
 Cardcaptor Sakura,"4,681.",(1998–2000),26 min,"Animation, Action, Adventure",7.3,"Morio Asaka,Hitoyuki Matsui,Junko Iwao,Aya Hisakawa,Tomokazu Seki,Megumi Ogata",52.0
 Cartoon Cartoon Fridays,"7,583.",(2000–2006),Desconhecido,,8.4,,12.0
 Cash and Company,"4,682.",(1975),49 min,"Action, Drama, Western",,,0.0
 Celebrity Deathmatch,"4,695.",(1998–2007),21 min,"Animation, Action, Comedy",6.800000000000002,"Eric Fogel,Greg Pair,Sue Perrotto,Maurice Schlafer,Len Maxwell,Becca Lish,Mills Lane",520.0
 Centraal station,"4,712.",(1974–1979),Desconhecido,,,,0.0
 Charlie's Angels,"4,794.",(1976–1981),50 min,"Action, Adventure, Crime",7.15566037735849,,21890.0
 Chillers,243.,(1990),53 min,"Action, Drama, Horror",6.022222222222222,"Roger Andrieux,Mai Zetterling,Anthony Perkins,Jean-Pierre Bisson,Marisa Berenson,Charlotte de Turckheim",260.0
 Chip 'n Dale: Rescue Rangers,"4,835.",(1989–1990),23 min,"Animation, Action, Adventure",7.0875,"John Kimball,Bob Zamboni,Alan Zaslove,Corey Burton,Peter Cullen,Jim Cummings,Danny Gans, John Kimball,Bob Zamboni,Alan Zaslove,Corey Burton,Hamilton Camp,Carol Channing,Peter Cullen, John Kimball,Bob Zamboni,Alan Zaslove,Gregg Berger,Corey Burton,Carol Channing,Peter Cullen, John Kimball,Bob Zamboni,Alan Zaslove,Corey Burton,Pat Carroll,Peter Cullen,Jim Cummings, John Kimball,Bob Zamboni,Alan Zaslove,Corey Burton,Peter Cullen,Jim Cummings,Tress MacNeille, John Kimball,Bob Zamboni,Corey Burton,Peter Cullen,Jim Cummings,Tress MacNeille",990.0
 Choujin Sentai Jetman,"4,843.",(1991–1992),Desconhecido,,8.2,,17.0
 Chouju Sentai Liveman,"4,871.",(1988–1989),20 min,"Action, Adventure, Drama",7.2,,10.0
 Chouriki Sentai Ohranger,"4,873.",(1995–1996),Desconhecido,,7.0,,7.0
 City of Justice,"4,874.",(2005– ),Desconhecido,,,,0.0
 Cleopatra 2525,"4,896.",(2000–2001),Desconhecido,"Sci-Fi, Action, Fantasy",6.676,,867.0
 Cliff Dexter,"4,907.",(1966–1968),Desconhecido,,,,0.0
 Club Disney,"4,976.",(1989–2005),Desconhecido,,,,0.0
 Cobra,"4,998.",(1993–1994),60 min,"Action, Adventure",6.733333333333333,,50.0
 Code Name: Eternity,"5,002.",(1999),Desconhecido,,6.007692307692308,,217.0
 Code Name: Foxfire,"5,028.",(1985),Desconhecido,,,,0.0
 Code Red,"5,030.",(1981–1982),60 min,"Action, Adventure, Drama",6.840000000000001,,76.0
 Codename: Kids Next Door,"5,040.",(2002–2008),22 min,"Animation, Action, Adventure",8.392857142857142,,2486.0
 Combat!,"5,202.",(1962–1967),60 min,"Action, Drama, War",8.375838926174497,,13331.0
 Commando Cody: Sky Marshal of the Universe,"5,348.",(1953– ),30 min,"Action, Adventure, Sci-Fi",6.154545454545455,,149.0
 Commissaris Roos,"5,360.",(1990–1992),Desconhecido,,,,0.0
 Conan the Adventurer,"5,364.",(1997–1998),43 min,"Action, Adventure, Fantasy",6.721739130434782,,880.0
 Conquest,"5,387.",(2002– ),Desconhecido,,,,0.0
 Cop Shop,"5,406.",(1977–1984),Desconhecido,,,"Ian Crawford,Marie Trevor,Peter Adams,Tony Bonner,Paula Duncan,Joanna Lockwood,« Previous,Next »,TV Episodes,Action,Adventure,Drama,Comedy,Animation,Fantasy,Sci-Fi,Family,Crime,Thriller,Romance,Mystery,Sport,Game-Show,Music,Horror,History,War,Short,Reality-TV,Western,Talk-Show,Biography,Documentary,Musical,News,<svg version=""1.1"" id=""Layer_1"" xmlns=""http://www.w3.org/2000/svg"" x=""0px"" y=""0px"" viewBox=""0 0 30 14"" class=""sc-bcXHqe xhbNo""",0.0
 Cops,"5,410.",(1989–2023),Desconhecido,,6.466666666666666,,38.0
 Counterstrike,"5,414.",(1990–1993),Desconhecido,"Action, Adventure",6.0,,12.0
 Cover Up,"5,464.",(1984–1985),Desconhecido,"Action, Adventure, Drama",7.644444444444444,,132.0
 Critical Rescue,239.,(2003),49 min,"Action, Drama",,"Stuart Taylor,Joe Wiecha,Loydene Keith,Chuck Crawford,Tina Murphy,Debi Deimling",0.0
 Crossbow,"5,508.",(1987–1989),23 min,"Action, Adventure, Drama",7.0375,,73.0
 Crusade,"5,533.",(1999),44 min,"Action, Adventure, Drama",7.069230769230769,,2191.0
 Crying Freeman,138.,(1988–1994),52 min,"Animation, Action, Crime",6.540000000000001,"Harunisa Okamoto,Takaaki Yamashita,Shigeyasu Yamauchi,Toshio Furukawa,Chiharu Kataishi,Gara Takashima,Mika Doi, Daisuke Nishio,Nobutaka Nishizawa,Toshio Furukawa,Steve Bulen,Chiharu Kataishi,Edie Mirman",1091.0
 Curro Jiménez,"5,546.",(1976–1979),Desconhecido,,7.2749999999999995,,272.0
 Cyberzone,"5,575.",(1993),Desconhecido,,,,0.0
 Código fuego,"5,576.",(2003– ),Desconhecido,,,,0.0
 Da Boom Crew,"3,919.",(2004–2005),21 min,"Animation, Action, Family",,,0.0
 Dai-Guard,"4,833.",(1999–2000),23 min,"Animation, Action, Adventure",,,0.0
 Danger Man,"5,610.",(1960–1962),26 min,"Action, Adventure, Crime",7.428947368421053,,3693.0
 Danger UXB,"5,665.",(1979),Desconhecido,"Action, Drama, History",8.546153846153846,,725.0
 Dangerous Curves,"5,678.",(1992– ),Desconhecido,"Action, Drama",7.35,,13.0
 Danny Phantom,"5,712.",(2003–2007),24 min,"Animation, Action, Adventure",7.726923076923077,"Wincat Alcala,Butch Hartman,Kevin Petrilak,Colleen O'Shaughnessey,David Kaufman,Taylor Lautner,S. Scott Bullock, Wincat Alcala,Richard Bowman,Butch Hartman,David Kaufman,Rickey D'Shon Collins,Grey Griffin,Dee Bradley Baker, Wincat Alcala,Butch Hartman,Kevin Petrilak,David Kaufman,Martin Mull,Brian Cox,Colleen O'Shaughnessey, Wincat Alcala,Butch Hartman,Kevin Petrilak,David Kaufman,Rob Paulsen,Colleen O'Shaughnessey,Rickey D'Shon Collins, Wincat Alcala,Butch Hartman,Kevin Petrilak,David Kaufman,S. Scott Bullock,Maria Canals-Barrera,Rickey D'Shon Collins, Wincat Alcala,Butch Hartman,Juli Murphy,David Kaufman,Michael Dorn,Colleen O'Shaughnessey,Rickey D'Shon Collins, Wincat Alcala,Butch Hartman,Kevin Petrilak,David Kaufman,Rickey D'Shon Collins,Grey Griffin,Colleen O'Shaughnessey, Wincat Alcala,Butch Hartman,Juli Murphy,David Kaufman,Rob Paulsen,Kath Soucie,S. Scott Bullock, Ken Bruce,Gary Conrad,Butch Hartman,David Kaufman,Rickey D'Shon Collins,Grey Griffin,Ron Perlman, Wincat Alcala,Richard Bowman,Butch Hartman,David Kaufman,Rickey D'Shon Collins,Grey Griffin,Rob Paulsen, Wincat Alcala,Butch Hartman,David Kaufman,Rob Paulsen,Kath Soucie,Colleen O'Shaughnessey, Wincat Alcala,Butch Hartman,Kevin Petrilak,David Kaufman,S. Scott Bullock,Rickey D'Shon Collins,Grey Griffin, Wincat Alcala,Butch Hartman,Kevin Petrilak,David Kaufman,Will Arnett,Dee Bradley Baker,Kimberly Brooks, Wincat Alcala,Butch Hartman,Juli Murphy,David Kaufman,Rob Paulsen,Kath Soucie,Rickey D'Shon Collins, Wincat Alcala,Butch Hartman,Juli Murphy,David Kaufman,Kath Soucie,Rickey D'Shon Collins,Grey Griffin, Ken Bruce,Gary Conrad,Butch Hartman,David Kaufman,Rickey D'Shon Collins,Maria Canals-Barrera,Grey Griffin, Ken Bruce,Gary Conrad,Butch Hartman,David Kaufman,Kimberly Brooks,S. Scott Bullock,Maria Canals-Barrera, Wincat Alcala,Sean Dempsey,Butch Hartman,David Kaufman,Rickey D'Shon Collins,Grey Griffin,Rob Paulsen, Ken Bruce,Gary Conrad,Butch Hartman,David Kaufman,June Angela,S. Scott Bullock,Rickey D'Shon Collins, Gary Conrad,Butch Hartman,Juli Murphy,David Kaufman,Rickey D'Shon Collins,Grey Griffin,Martin Mull",3780.0
 Dark Angel,"5,763.",(2000–2002),44 min,"Action, Drama, Mystery",7.480487804878049,,15864.0
 Dark Oracle,"5,779.",(2004–2006),23 min,"Animation, Action, Adventure",7.65,,46.0
 Darkwing Duck,"5,786.",(1991–1992),22 min,"Animation, Short, Action",7.209090909090909,"Tad Stones,Alan Zaslove,Jim Cummings,Terence McGovern,Christine Cavanaugh,S. Scott Bullock, Tad Stones,Alan Zaslove,Jim Cummings,Terence McGovern,Christine Cavanaugh,Katie Leigh, Tad Stones,Alan Zaslove,Dan Castellaneta,Christine Cavanaugh,Jim Cummings,Roddy McDowall, Tad Stones,Alan Zaslove,Jodi Carlisle,Christine Cavanaugh,Jim Cummings,Teresa Ganzel, Tad Stones,Alan Zaslove,Christine Cavanaugh,Jim Cummings,Katie Leigh,Danny Mann, Saburo Hashimoto,Kiyotaka Kantake,Yukio Okazaki,Tad Stones,Alan Zaslove,Christine Cavanaugh,Dan Castellaneta,Jim Cummings,Marty Ingels, Tad Stones,Alan Zaslove,Jodi Carlisle,Christine Cavanaugh,Cam Clarke,Jim Cummings, Tad Stones,Alan Zaslove,Jim Cummings,Terence McGovern,Hamilton Camp,Rob Paulsen, Tad Stones,Alan Zaslove,Christine Cavanaugh,Jim Cummings,Tim Curry,Eddie Deezen, Tad Stones,Alan Zaslove,Jim Cummings,Terence McGovern,Christine Cavanaugh,Charlie Adler, Tad Stones,Alan Zaslove,Jim Cummings,Terence McGovern,Christine Cavanaugh,Dan Castellaneta, Tad Stones,Alan Zaslove,Dan Castellaneta,Christine Cavanaugh,Jim Cummings,Teresa Ganzel, Tad Stones,Alan Zaslove,Jim Cummings,Terence McGovern,Jodi Carlisle,Michael Gough, Tad Stones,Alan Zaslove,Michael Bell,Christine Cavanaugh,Jim Cummings,Linda Gary, Tad Stones,Alan Zaslove,William Callaway,Jim Cummings,Dorian Harewood,Ron Palillo, Tad Stones,Alan Zaslove,Ruth Buzzi,Christine Cavanaugh,Jim Cummings,Katie Leigh, Tad Stones,Alan Zaslove,Dan Castellaneta,Christine Cavanaugh,Jesse Corti,Jim Cummings, Tad Stones,Alan Zaslove,Valri Bromfield,Dan Castellaneta,Christine Cavanaugh,Jim Cummings",3468.0
 Dead at 21,"5,814.",(1994),Desconhecido,,6.0,"Ralph Hemecker,Robert Jason,Jack Noseworthy,Lisa Dean Ryan,Whip Hubley,Adam Scott",8.0
 Deadly Games,"5,817.",(1995–1996),Desconhecido,"Action, Comedy, Sci-Fi",6.077777777777778,,74.0
 Defenders of the Earth,"5,829.",(1986–1991),21 min,"Animation, Action, Adventure",7.2,"John Gibbs,Ray Lee,William Callaway,Adam Carl,Ron Feinberg,Buster Jones",17.0
 Delta Team - Auftrag geheim!,"5,855.",(1999– ),47 min,Action,,,0.0
 Dempsey and Makepeace,"5,865.",(1985–1986),46 min,"Action, Crime, Drama",7.5566666666666675,"Francis Megahy,Roger Tucker,Michael Brandon,Glynis Barber,Ray Smith,Tony Osoba",1528.0
 Dennou Keisatsu Cybercop,"5,896.",(1988–1989),Desconhecido,,,,0.0
 Denshi Sentai Denziman,"5,897.",(1980–1981),Desconhecido,,,,0.0
 Department S,"5,916.",(1969–1970),Desconhecido,"Action, Adventure, Crime",7.48148148148148,,1341.0
 Der Clown,"4,931.",(1998–2001),46 min,"Action, Comedy, Crime",7.287804878048781,,410.0
 Der Puma - Kämpfer mit Herz,162.,(1999–2000),90 min,Action,5.1,,118.0
 Devil Hunter Yohko,82.,(1990– ),Desconhecido,,6.633333333333333,,186.0
 Devlin,"6,027.",(1974–1976),22 min,"Animation, Action, Adventure",,,0.0
 Dick Turpin,"6,028.",(1979–1982),25 min,"Action, Adventure, Biography",7.164516129032257,"James Allen,Charles Crichton,Richard O'Sullivan,Michael Deeks,John Junkin,Michael Robbins",439.0
 Die Feuerengel,"7,360.",(1997– ),Desconhecido,,,,0.0
 Die Gang,"7,690.",(1997– ),Desconhecido,,,,0.0
 Die Motorrad-Cops: Hart am Limit,176.,(2000–2001),90 min,"Crime, Action",5.0,,31.0
 Digimon Adventure,"5,846.",(1999–2000),24 min,"Animation, Action, Adventure",7.655555555555556,,467.0
 Digimon Adventure 02,"5,837.",(2000–2001),Desconhecido,,7.588888888888889,,272.0
 Digimon Frontier,"6,059.",(2002–2003),22 min,"Animation, Action, Adventure",5.3999999999999995,,62.0
 Digimon Tamers,"5,830.",(2001–2002),25 min,"Animation, Action, Adventure",7.542857142857143,,268.0
 Digimon: Digital Monsters,"6,120.",(1999–2007),21 min,"Animation, Action, Adventure",7.884042553191488,"Takahiro Imamura,Hiroyuki Kakudo,Michael Reisz,Wendee Lee,Tifanie Christun,Laura Summer, Yukio Kaizawa,Chiaki Konaka,Brian Beacock,Steve Blum,Tifanie Christun,Brian Donovan, Yukio Kaizawa,Takenori Kawada,Brian Beacock,Steve Blum,Melissa Fahn,Michael Reisz, Kimitoshi Chioka,Yukio Kaizawa,Brian Beacock,Steve Blum,Melissa Fahn,Michael Reisz, Yukio Kaizawa,Chiaki Konaka,Hiroki Shibata,Brian Beacock,Steve Blum,Mari Devon,Brian Donovan, Yukio Kaizawa,Hiroki Shibata,Brian Beacock,Steve Blum,Melissa Fahn,Michael Reisz, Yukio Kaizawa,Chiaki Konaka,Brian Beacock,Steve Blum,Mari Devon,Brian Donovan, Yukio Kaizawa,Takenori Kawada,Brian Beacock,Steve Blum,Michael Reisz,Michelle Ruff, Hiroyuki Kakudo,Hiroki Shibata,Joshua Seth,Philece Sampler,Anna Garduno,Colleen O'Shaughnessey, Yukio Kaizawa,Takao Yoshizawa,Brian Beacock,Steve Blum,Melissa Fahn,Michael Reisz, Takahiro Imamura,Yukio Kaizawa,Takao Yoshizawa,Brian Beacock,Steve Blum,Michael Reisz,Michelle Ruff, Yukio Kaizawa,Tetsuji Nakamura,Brian Beacock,Steve Blum,Melissa Fahn,Michael Reisz, Yukio Kaizawa,Chiaki Konaka,Hiroki Shibata,Brian Beacock,Steve Blum,Tifanie Christun,Mari Devon, Yukio Kaizawa,Chiaki Konaka,Brian Beacock,Steve Blum,Brian Donovan,Mona Marshall, Takahiro Imamura,Hiroyuki Kakudo,Joshua Seth,Wendee Lee,Colleen O'Shaughnessey,Mona Marshall, Hiroyuki Kakudo,Chiaki Konaka,Tifanie Christun,Brian Donovan,Doug Erholtz,Dave Mallow, Tetsuo Imazawa,Hiroyuki Kakudo,Joshua Seth,Michael Reisz,Philece Sampler,Wendee Lee,« Previous,Next »,TV Episodes,Action,Adventure,Drama,Comedy,Animation,Fantasy,Sci-Fi,Family,Crime,Thriller,Romance,Mystery,Sport,Game-Show,Music,Horror,History,War,Short,Reality-TV,Western,Talk-Show,Biography,Documentary,Musical,News,<svg version=""1.1"" id=""Layer_1"" xmlns=""http://www.w3.org/2000/svg"" x=""0px"" y=""0px"" viewBox=""0 0 30 14"" class=""sc-bcXHqe xhbNo"", Takahiro Imamura,Yukio Kaizawa,Brian Beacock,Steve Blum,Melissa Fahn,Michael Reisz, Mamoru Hosoda,Hiroyuki Kakudo,Joshua Seth,Philece Sampler,Mona Marshall,Tom Fahn, Yukio Kaizawa,Takenori Kawada,Chiaki Konaka,Brian Beacock,Steve Blum,Tifanie Christun,Mari Devon, Hiroyuki Kakudo,Hiroki Shibata,Joshua Seth,Wendee Lee,Colleen O'Shaughnessey,Mona Marshall, Tetsuo Imazawa,Hiroyuki Kakudo,Joshua Seth,Michael Reisz,Philece Sampler,Wendee Lee, Yukio Kaizawa,Hiroyuki Kakudo,Brian Beacock,Steve Blum,Melissa Fahn,Michael Reisz,« Previous,Next »,TV Episodes,Action,Adventure,Drama,Comedy,Animation,Fantasy,Sci-Fi,Family,Crime,Thriller,Romance,Mystery,Sport,Game-Show,Music,Horror,History,War,Short,Reality-TV,Western,Talk-Show,Biography,Documentary,Musical,News,<svg version=""1.1"" id=""Layer_1"" xmlns=""http://www.w3.org/2000/svg"" x=""0px"" y=""0px"" viewBox=""0 0 30 14"" class=""sc-bcXHqe xhbNo"", Yukio Kaizawa,Hiroyuki Kakudo,Brian Beacock,Steve Blum,Melissa Fahn,Michael Reisz, Tetsuo Imazawa,Hiroyuki Kakudo,Hiroki Shibata,Michael Reisz,Tifanie Christun,Colleen O'Shaughnessey,Michael Lindsay, Yukio Kaizawa,Hiroki Shibata,Brian Beacock,Steve Blum,Michael Reisz,Michelle Ruff, Tetsuo Imazawa,Hiroyuki Kakudo,Joshua Seth,Michael Reisz,Wendee Lee,Kirk Thornton, Hiroyuki Kakudo,Hiroki Shibata,Joshua Seth,Mona Marshall,Jeff Nimoy,Lara Jill Miller, Hiroyuki Kakudo,Takenori Kawada,Joshua Seth,Michael Reisz,Philece Sampler,Wendee Lee, Hiroyuki Kakudo,Harume Kosaka,Joshua Seth,Michael Reisz,Philece Sampler,Wendee Lee, Takahiro Imamura,Tetsuo Imazawa,Hiroyuki Kakudo,Joshua Seth,Michael Reisz,Philece Sampler,Wendee Lee, Yukio Kaizawa,Hiroyuki Kakudo,Brian Beacock,Steve Blum,Michael Reisz,Michelle Ruff, Hiroyuki Kakudo,Hiroki Shibata,Joshua Seth,Michael Reisz,Philece Sampler,Wendee Lee, Takahiro Imamura,Hiroyuki Kakudo,Joshua Seth,Michael Reisz,Philece Sampler,Wendee Lee, Yukio Kaizawa,Chiaki Konaka,Brian Beacock,Steve Blum,Tifanie Christun,Mari Devon, Yukio Kaizawa,Chiaki Konaka,Brian Donovan,Brian Beacock,Steve Blum,Mari Devon, Yukio Kaizawa,Takenori Kawada,Chiaki Konaka,Brian Beacock,Steve Blum,Tifanie Christun,Brian Donovan, Hiroyuki Kakudo,Takenori Kawada,Joshua Seth,Michael Reisz,Kirk Thornton,Michael Lindsay, Yukio Kaizawa,Takenori Kawada,Chiaki Konaka,Steve Blum,Mari Devon,Brian Donovan,Melissa Fahn",17781.0
 Dinosaucers,"6,254.",(1987),23 min,"Animation, Action, Comedy",,,0.0
 Dirty Pair,51.,(1985–1988),23 min,"Animation, Action, Adventure",6.22,"Mamoru Hamatsu,Toshifumi Takizawa,Jessica Calvello,Pam Lauer,Saeko Shimazu,Kyôko Tongû, Toshifumi Takizawa,Takashi Tanazawa,Jessica Calvello,Pam Lauer,Saeko Shimazu,Kyôko Tongû, Takaya Mizutani,Toshifumi Takizawa,Jessica Calvello,Pam Lauer,Saeko Shimazu,Kyôko Tongû, Masahisa Ishida,Toshifumi Takizawa,Jessica Calvello,Pam Lauer,Saeko Shimazu,Kyôko Tongû, Kazuhito Kikuchi,Toshifumi Takizawa,Jessica Calvello,Pam Lauer,Saeko Shimazu,Kyôko Tongû, Mitsuko Kase,Toshifumi Takizawa,Kyôko Tongû,Saeko Shimazu,Naoki Makishima,Ikuya Sawaki, Yukihiro Shino,Toshifumi Takizawa,Jessica Calvello,Pam Lauer,Saeko Shimazu,Kyôko Tongû",166.0
 Dirty Pair OVA,66.,(1987– ),24 min,"Animation, Short, Action",6.9,,10.0
 Distretto di polizia,"6,255.",(2000–2012),Desconhecido,,,,0.0
 Donkey Kong Country,"6,256.",(1997–2000),22 min,"Animation, Action, Adventure",6.6,,14.0
 Double the Fist,"6,257.",(2004–2008),26 min,"Action, Comedy, Fantasy",6.2,"Craig Anderson,Bryan Moses,Craig Anderson,Bryan Moses,Tony Walters,Neridah Waters, Craig Anderson,Bryan Moses,Craig Anderson,Bryan Moses,Doug Bayne,Tony Walters",36.0
 Dragon Ball,"6,264.",(1995–2003),24 min,"Animation, Action, Adventure",7.35,,796.0
 Dragon Ball Z,195.,(1989–1996),24 min,"Animation, Action, Adventure",7.92,,7564.0
 Dragon Booster,"6,273.",(2004–2006),20 min,"Adventure, Action, Animation",8.07,,100.0
 Duarte &amp; C.a,"6,285.",(1985–1989),Desconhecido,,,,0.0
 Duck Dodgers,"6,286.",(2003–2005),23 min,"Animation, Short, Action",8.323684210526315,"Spike Brandt,Tony Cervone,Joe Alaskey,Bob Bergen,Richard McGonagle,Carlos Alazraqui, Spike Brandt,Tony Cervone,Joe Alaskey,Bob Bergen,Richard McGonagle,John DiMaggio, Spike Brandt,Tony Cervone,Joe Alaskey,Bob Bergen,Michael Dorn,Frank Welker, Spike Brandt,Tony Cervone,Joe Alaskey,Bob Bergen,Richard McGonagle,Bruce Campbell, Spike Brandt,Tony Cervone,Joe Alaskey,Carlos Alazraqui,Dick Beals,Jeff Bennett,« Previous,Next »,TV Episodes,Action,Adventure,Drama,Comedy,Animation,Fantasy,Sci-Fi,Family,Crime,Thriller,Romance,Mystery,Sport,Game-Show,Music,Horror,History,War,Short,Reality-TV,Western,Talk-Show,Biography,Documentary,Musical,News,<svg version=""1.1"" id=""Layer_1"" xmlns=""http://www.w3.org/2000/svg"" x=""0px"" y=""0px"" viewBox=""0 0 30 14"" class=""sc-bcXHqe xhbNo"", Spike Brandt,Tony Cervone,Joe Alaskey,Bob Bergen,Loni Anderson,Lewis Black, Spike Brandt,Tony Cervone,Joe Alaskey,Bob Bergen,Tia Carrere,S. Scott Bullock, Spike Brandt,Tony Cervone,Joe Alaskey,Bob Bergen,Tim Curry,Michael Dorn, Spike Brandt,Tony Cervone,Bob Bergen,Richard McGonagle,Joe Alaskey,Tia Carrere, Spike Brandt,Tony Cervone,Joe Alaskey,Jeff Bennett,Paget Brewster,Michael Dorn, Spike Brandt,Tony Cervone,Joe Alaskey,Richard McGonagle,Dave Mustaine, Spike Brandt,Tony Cervone,Joe Alaskey,Bob Bergen,Stacey Dash,Michael Dorn, Spike Brandt,Tony Cervone,Joe Alaskey,Bob Bergen,Richard McGonagle,Tia Carrere, Spike Brandt,Tony Cervone,Joe Alaskey,Bob Bergen,Lucille Bliss,Jim Cummings, Spike Brandt,Tony Cervone,Joe Alaskey,Bob Bergen,Richard McGonagle,Michael Dorn, Spike Brandt,Tony Cervone,Joe Alaskey,Bob Bergen,June Foray,S. Scott Bullock, Spike Brandt,Tony Cervone,Joe Alaskey,Bob Bergen,Brian Wilson,John DiMaggio, Spike Brandt,Tony Cervone,Joe Alaskey,Bob Bergen,Tia Carrere,Tom Kenny, Spike Brandt,Tony Cervone,Joe Alaskey,Bob Bergen,Richard McGonagle,John de Lancie, Spike Brandt,Tony Cervone,Joe Alaskey,Bob Bergen,Jeff Bennett,Edward Asner, Spike Brandt,Tony Cervone,Joe Alaskey,Tom Kane,Tom Kenny,John O'Hurley, Spike Brandt,Tony Cervone,Joe Alaskey,Bob Bergen,Richard McGonagle,Clancy Brown, Spike Brandt,Tony Cervone,Joe Alaskey,Tisha Terrasini Banker,Dustin Diamond,Richard McGonagle, Spike Brandt,Tony Cervone,Joe Alaskey,Bob Bergen,Tia Carrere,Richard McGonagle, Spike Brandt,Tony Cervone,Joe Alaskey,Bob Bergen,Richard McGonagle,Macy Gray",2677.0
 DuckTales,481.,(1987–1990),23 min,"Animation, Action, Adventure",7.561111111111113,"Steve Clark,Terence Harrison,Alan Zaslove,Tony Anselmo,Peter Cullen,Jim Cummings,Joan Gerber, James T. Walker,Bob Hathcock,Susan Blu,Victoria Carroll,Joan Gerber,Charles Pierce",3925.0
 E-Ring,"6,483.",(2005–2006),Desconhecido,"Action, Drama, Thriller",7.600000000000001,,471.0
 Earth: Final Conflict,"6,528.",(1997–2002),43 min,"Action, Drama, Mystery",6.614953271028037,"Bruce Pittman,Milan Cheylov,Kevin Kilner,Lisa Howard,Von Flores,Richard Chevolleau, James Head,Neill Fearnley,Robert Leeshock,Lisa Howard,Von Flores,Richard Chevolleau, James Head,Ross Clyde,Robert Leeshock,Lisa Howard,Von Flores,Richard Chevolleau,« Previous,Next »,TV Episodes,Action,Adventure,Drama,Comedy,Animation,Fantasy,Sci-Fi,Family,Crime,Thriller,Romance,Mystery,Sport,Game-Show,Music,Horror,History,War,Short,Reality-TV,Western,Talk-Show,Biography,Documentary,Musical,News,<svg version=""1.1"" id=""Layer_1"" xmlns=""http://www.w3.org/2000/svg"" x=""0px"" y=""0px"" viewBox=""0 0 30 14"" class=""sc-bcXHqe xhbNo"", Neill Fearnley,William Gereghty,Robert Leeshock,Lisa Howard,Von Flores,Richard Chevolleau, Ross Clyde,Brett Dowler,Robert Leeshock,Lisa Howard,Von Flores,Richard Chevolleau, Allan Kroeker,Neill Fearnley,Robert Leeshock,Lisa Howard,Von Flores,Richard Chevolleau, Ross Clyde,Vincenzo Natali,Robert Leeshock,Lisa Howard,Von Flores,Richard Chevolleau, Stephen Williams,Damian Kindler,Kevin Kilner,Lisa Howard,Von Flores,Richard Chevolleau, Brett Dowler,James Head,Robert Leeshock,Lisa Howard,Von Flores,Richard Chevolleau, Milan Cheylov,Tibor Takács,Kevin Kilner,Lisa Howard,Von Flores,Richard Chevolleau",5632.0
 Eastern Championship Wrestling,"6,498.",(1993–2000),Desconhecido,,,,0.0
 El club de Los Tigritos,"4,978.",(1994– ),Desconhecido,,,,0.0
 El comisario,"5,304.",(1999–2009),Desconhecido,"Action, Adventure, Crime",6.4,"Javier Mora,Jesús Mora,Tito Valverde,Juanjo Artero,Tristán Ulloa,Marcial Álvarez",7.0
 El gordo y la flaca,"8,160.",(1998– ),Desconhecido,,,,0.0
 Elsö generáció,"6,608.",(2001– ),Desconhecido,,,,0.0
 Emergency!,225.,(1972–1979),60 min,"Action, Adventure, Comedy",8.366935483870968,"Robert A. Cinader,Randolph Mantooth,Randolph Mantooth,Kevin Tighe,Julie London,Robert Fuller",11297.0
 Empire,"6,734.",(1984),30 min,"Action, Musical",,,0.0
 Enos,"6,735.",(1980–1981),Desconhecido,"Action, Comedy",8.5,,7.0
 Eugenie Sandler P.I.,"6,936.",(2000),Desconhecido,,,,0.0
 Everglades!,"6,943.",(1961–1962),30 min,"Action, Adventure, Crime",,,0.0
 Extreme Dinosaurs,"6,951.",(1997),21 min,"Animation, Action, Adventure",,,0.0
 Extreme Ghostbusters,"6,952.",(1997),21 min,"Animation, Action, Adventure",6.630769230769231,"Christopher Berkeley,Chris Dozois,Tara Strong,Maurice LaMarche,Jason Marsden,Pat Musick, Tim Eldred,Bob Fuentes III,Tara Strong,Maurice LaMarche,Jason Marsden,Alfonso Ribeiro, Gloria Jenkins,Scott Wood,Tara Strong,Maurice LaMarche,Jason Marsden,Pat Musick, Tim Eldred,Bob Fuentes III,Tara Strong,Maurice LaMarche,Jason Marsden,Pat Musick",1473.0
 F/X: The Series,"6,992.",(1996–1998),Desconhecido,"Action, Crime, Drama",7.7727272727272725,,280.0
 Fantastic Four,"7,198.",(1967–1968),30 min,"Animation, Action, Adventure",7.25,"Joseph Barbera,William Hanna,Gerald Mohr,Jo Ann Pflug,Jack DeLeon,Paul Frees",64.0
 Fantastic Four: The Animated Series,"7,200.",(1994–1996),21 min,"Animation, Action, Sci-Fi",6.880769230769231,"Larry Houston,Tom Tataranowicz,Beau Weaver,Lori Alan,Quinton Flynn,Chuck McCann, Larry Houston,Ernesto Lopez,Graham Morris,Tom Tataranowicz,Beau Weaver,Lori Alan,Quinton Flynn,Chuck McCann, Larry Houston,Ernesto Lopez,Tom Tataranowicz,Beau Weaver,Lori Alan,Quinton Flynn,Chuck McCann",2881.0
 Farscape,"7,226.",(1999–2003),46 min,"Action, Adventure, Drama",7.66,"Tony Tilse,Rowan Woods,Ben Browder,Claudia Black,Virginia Hey,Anthony Simcoe, Andrew Prowse,Tony Tilse,Ben Browder,Claudia Black,Virginia Hey,Anthony Simcoe",63874.0
 Fastlane,"7,312.",(2002–2003),44 min,"Action, Comedy, Crime",7.85,,1216.0
 Fata Morgana,"7,334.",(2004– ),Desconhecido,,,,0.0
 Faust,"7,344.",(1994–1997),58 min,"Action, Crime",5.369230769230769,,105.0
 Fear Factor,"7,359.",(2001–2002),Desconhecido,,,,0.0
 Fillmore!,"7,373.",(2002–2004),23 min,"Action, Animation, Comedy",7.809090909090909,,283.0
 Flash Gordon,"7,384.",(1954–1955),Desconhecido,"Action, Adventure, Family",5.533333333333334,,62.0
 Flatland,"7,408.",(2002),Desconhecido,"Action, Drama, Mystery",,,0.0
 Flikken,"7,412.",(1999–2009),Desconhecido,,7.950588235294117,"Dirk Corthout,Mark De Geest,Peter Rondou,Andrea Croonenberghs,Joke Devynck,Axel Daeseleire,Cahit Ölmez, Ludo Busschots,Dirk Corthout,Andrea Croonenberghs,Joke Devynck,Axel Daeseleire,Cahit Ölmez,« Previous,Next »,TV Episodes,Action,Adventure,Drama,Comedy,Animation,Fantasy,Sci-Fi,Family,Crime,Thriller,Romance,Mystery,Sport,Game-Show,Music,Horror,History,War,Short,Reality-TV,Western,Talk-Show,Biography,Documentary,Musical,News,<svg version=""1.1"" id=""Layer_1"" xmlns=""http://www.w3.org/2000/svg"" x=""0px"" y=""0px"" viewBox=""0 0 30 14"" class=""sc-bcXHqe xhbNo""",1231.0
 Flipper,"7,499.",(1995–2000),44 min,"Action, Adventure, Drama",5.164285714285714,,255.0
 Floris,485.,(1969),30 min,"Action, Adventure, History",6.908333333333334,,536.0
 Fortune Hunter,"7,527.",(1994– ),Desconhecido,,,,0.0
 François Kléber,"7,540.",(1995– ),Desconhecido,,,,0.0
 Freakazoid!,"7,546.",(1995–1997),22 min,"Animation, Short, Action",7.956521739130435,"Rich Arons,Peter Shin,Paul Rugg,Edward Asner,Tress MacNeille,David Kaufman, Ronnie Del Carmen,Scott Jeralds,Dan Riba,Jack Heiter,Eric Radomski,Paul Rugg,David Kaufman,Tracy Rowe,Tress MacNeille, Jack Heiter,Scott Jeralds,Eric Radomski,Dan Riba,Paul Rugg,Stan Freberg,Jeff Bennett,Tress MacNeille, Jack Heiter,Eric Radomski,Dan Riba,Ronnie Del Carmen,Scott Jeralds,Paul Rugg,David Kaufman,Tress MacNeille,John P. McCann, Ronnie Del Carmen,Jack Heiter,Scott Jeralds,Eric Radomski,Dan Riba,Paul Rugg,Tracy Rowe,Jeff Bennett,Edward Asner, Ronnie Del Carmen,Jack Heiter,Scott Jeralds,Eric Radomski,Dan Riba,Paul Rugg,Frank Welker,Jeff Bennett,Rob Paulsen, Jack Heiter,Scott Jeralds,Eric Radomski,Dan Riba,Paul Rugg,Ricardo Montalban,Craig Ferguson,Tress MacNeille, Rich Arons,Jack Heiter,Paul Rugg,David Warner,Tress MacNeille,Dorian Harewood, Rich Arons,David Marshall,Paul Rugg,Edward Asner,John P. McCann,Tress MacNeille, Rich Arons,David Marshall,Paul Rugg,Edward Asner,Jonathan Harris,Tracy Rowe, Jack Heiter,Scott Jeralds,Eric Radomski,Dan Riba,Paul Rugg,Ricardo Montalban,Jack Valenti,Craig Ferguson, Jack Heiter,Eric Radomski,Scott Jeralds,Dan Riba,Paul Rugg,David Warner,Clive Revill,Tress MacNeille, Scott Jeralds,Eric Radomski,Dan Riba,Ronnie Del Carmen,Jack Heiter,Paul Rugg,David Kaufman,Jim Cummings,Tress MacNeille, Rich Arons,David Marshall,Paul Rugg,Edward Asner,Jonathan Harris,Norm Abram, Scott Jeralds,Eric Radomski,Dan Riba,Ronnie Del Carmen,Jack Heiter,Paul Rugg,David Kaufman,Tracy Rowe,Tress MacNeille, Rich Arons,Jack Heiter,Paul Rugg,Edward Asner,Jeff Bennett,Frank Welker, Ronnie Del Carmen,Jack Heiter,Scott Jeralds,Eric Radomski,Dan Riba,Paul Rugg,Edward Asner,David Warner,Ben Stein",1491.0
 Frederick Forsyth Presents,77.,(1989– ),97 min,"Action, Thriller",6.0,,104.0
 Freedom,"7,570.",(2000–2001),Desconhecido,"Sci-Fi, Drama, Action",8.8,,8.0
 Front ohne Gnade,"7,599.",(1984),60 min,"War, Drama, Action",,,0.0
 Fullmetal Alchemist,"8,243.",(2003–2004),24 min,"Animation, Action, Adventure",7.857142857142857,"Seiji Mizushima,Kenji Yasuda,Yasuhiro Irie,Norimitsu Suzuki,Vic Mignogna,Aaron Dismuke,Andy Mullins,Colleen Clinkenbeard, Seiji Mizushima,Atsushi Otsuki,Tomoki Kyôda,Norimitsu Suzuki,Vic Mignogna,Aaron Dismuke,Travis Willingham,Dameon Clarke, Seiji Mizushima,Kentaro Nakamura,Yasuhiro Irie,Norimitsu Suzuki,Vic Mignogna,Aaron Dismuke,Caitlin Glass,Juli Erickson, Seiji Mizushima,Kazuki Tsunoda,Yasuhiro Irie,Norimitsu Suzuki,Vic Mignogna,Aaron Dismuke,Bill Flynn,Justin Cook, Seiji Mizushima,Shigeru Ueda,Yasuhiro Irie,Norimitsu Suzuki,Vic Mignogna,Aaron Dismuke,Sonny Strait,Travis Willingham, Jôhei Matsuura,Seiji Mizushima,Yasuhiro Irie,Norimitsu Suzuki,Vic Mignogna,Aaron Dismuke,Sonny Strait,Travis Willingham, Masahiro Andô,Seiji Mizushima,Yasuhiro Irie,Norimitsu Suzuki,Vic Mignogna,Aaron Dismuke,Travis Willingham,Sonny Strait, Seiji Mizushima,Tamaki Nakatsu,Tomoki Kyôda,Norimitsu Suzuki,Vic Mignogna,Aaron Dismuke,Caitlin Glass,Dameon Clarke, Tarô Iwasaki,Seiji Mizushima,Tomoki Kyôda,Norimitsu Suzuki,Vic Mignogna,Aaron Dismuke,Christopher Sabat,Bill Jenkins, Seiji Mizushima,Atsushi Otsuki,Yasuhiro Irie,Norimitsu Suzuki,Vic Mignogna,Aaron Dismuke,Caitlin Glass,Travis Willingham, Seiji Mizushima,Masahiro Andô,Norimitsu Suzuki,Vic Mignogna,Aaron Dismuke,Caitlin Glass,Bill Townsley, Shingo Kaneko,Seiji Mizushima,Yasuhiro Irie,Norimitsu Suzuki,Vic Mignogna,Aaron Dismuke,Travis Willingham,Caitlin Glass, Masakazu Hashimoto,Seiji Mizushima,Yasuhiro Irie,Norimitsu Suzuki,Vic Mignogna,Aaron Dismuke,Luci Christian,Mark Stoddard, Seiji Mizushima,Kenji Yasuda,Yasuhiro Irie,Norimitsu Suzuki,Vic Mignogna,Aaron Dismuke,Chuck Huber,Brina Palencia, Seiji Mizushima,Kazuki Tsunoda,Yasuhiro Irie,Norimitsu Suzuki,Vic Mignogna,Aaron Dismuke,Caitlin Glass,Juli Erickson, Yoshito Hata,Seiji Mizushima,Yasuhiro Irie,Norimitsu Suzuki,Vic Mignogna,Aaron Dismuke,Sonny Strait,Jerry Jewell,« Previous,Next »,TV Episodes,Action,Adventure,Drama,Comedy,Animation,Fantasy,Sci-Fi,Family,Crime,Thriller,Romance,Mystery,Sport,Game-Show,Music,Horror,History,War,Short,Reality-TV,Western,Talk-Show,Biography,Documentary,Musical,News,<svg version=""1.1"" id=""Layer_1"" xmlns=""http://www.w3.org/2000/svg"" x=""0px"" y=""0px"" viewBox=""0 0 30 14"" class=""sc-bcXHqe xhbNo"", Masakazu Amiya,Seiji Mizushima,Yasuhiro Irie,Norimitsu Suzuki,Vic Mignogna,Aaron Dismuke,Justin Cook,Adam Rice, Masakazu Hashimoto,Seiji Mizushima,Tomoki Kyôda,Norimitsu Suzuki,Vic Mignogna,Aaron Dismuke,Travis Willingham,Dameon Clarke, Seiji Mizushima,Kenji Yasuda,Tomoki Kyôda,Norimitsu Suzuki,Vic Mignogna,Aaron Dismuke,Travis Willingham,Dameon Clarke, Tarô Iwasaki,Seiji Mizushima,Tomoki Kyôda,Norimitsu Suzuki,Vic Mignogna,Aaron Dismuke,Travis Willingham,Dameon Clarke",11905.0
 Future Cop,"7,626.",(1976–1977),50 min,"Action, Crime, Drama",7.633333333333333,,30.0
 G.I. Joe,"7,651.",(1985–1986),22 min,"Animation, Action, Adventure",6.833333333333333,"John Gibbs,Terry Lennon,Jackson Beck,Arthur Burghardt,Wally Burr,Christopher Collins, John Gibbs,Terry Lennon,Jackson Beck,Michael Bell,Gregg Berger,Wally Burr, John Gibbs,Terry Lennon,Jackson Beck,Michael Bell,Arthur Burghardt,Christopher Collins, John Gibbs,Terry Lennon,Jackson Beck,Michael Bell,Arthur Burghardt,François Chau",295.0
 GTO: Great Teacher Onizuka,"7,657.",(1998),Desconhecido,,8.6,,26.0
 Galidor: Defenders of the Outer Dimension,"7,658.",(2002),Desconhecido,,,,0.0
 Gargoyles,"7,703.",(1994–1997),22 min,"Animation, Action, Adventure",7.639583333333334,"Takamitsu Kawamura,Kazuo Terada,Brigitte Bako,Clancy Brown,Keith David,Jonathan Frakes, Saburo Hashimoto,Kazuo Terada,Thom Adcox-Hernandez,Edward Asner,Jeff Bennett,Rocky Carroll, Takamitsu Kawamura,Kazuo Terada,Keith David,Salli Richardson-Whitfield,Jonathan Frakes,Edward Asner, Saburo Hashimoto,Kazuo Terada,Thom Adcox-Hernandez,Edward Asner,Jeff Bennett,Keith David, Saburo Hashimoto,Kazuo Terada,Keith David,Salli Richardson-Whitfield,Jonathan Frakes,Edward Asner, Saburo Hashimoto,Kazuo Terada,Keith David,Marina Sirtis,Ed Gilbert,Edward Asner, Takamitsu Kawamura,Kazuo Terada,Thom Adcox-Hernandez,Brigitte Bako,Jesse Corti,Keith David, Saburo Hashimoto,Kazuo Terada,Keith David,Salli Richardson-Whitfield,Jonathan Frakes,Marina Sirtis",9736.0
 Gargoyles: The Goliath Chronicles,"7,752.",(1996–1997),21 min,"Animation, Action, Crime",6.984615384615383,,835.0
 Gegen den Wind,"7,765.",(1995–1999),48 min,Action,6.4,,8.0
 Geisterjäger John Sinclair,"7,767.",(2000– ),46 min,"Action, Fantasy, Horror",3.9374999999999996,"Robert Sigl,Bernd Fiedler,Kai Maertens,Jana Hora-Goosmann,Urs Remond,Birgit Stojanov",126.0
 Gemini Man,"7,775.",(1976),60 min,"Action, Adventure, Sci-Fi",6.555555555555555,"Alan Crosland Jr.,Andy Sidaris,Ben Murphy,William Sylvester,Katherine Crawford,Tony Burton",164.0
 Get Smart,"7,854.",(1965–1970),25 min,"Action, Adventure, Comedy",7.704444444444445,,22551.0
 Godzilla: The Series,"8,002.",(1998–2001),21 min,"Animation, Action, Crime",6.81304347826087,"David Hartman,Frank Squillace,Ian Ziering,Malcolm Danare,Rino Romano,Tom Kenny, Nathan Chew,David Hartman,Ian Ziering,Malcolm Danare,Rino Romano,Charity James, Alan Caldwell,David Hartman,Ian Ziering,Malcolm Danare,Rino Romano,Charity James, David Hartman,Frank Squillace,Ian Ziering,Malcolm Danare,Rino Romano,Charity James",1003.0
 Good vs Evil,"7,650.",(1999–2000),Desconhecido,,8.49047619047619,"Jonas Pate,Josh Pate,Clayton Rohner,Richard Brooks,Googy Gress,Marshall Bell",588.0
 Guerra de los sexos,"8,232.",(2000–2013),Desconhecido,,,,0.0
 Gunparade March,"8,234.",(2003– ),Desconhecido,,,"Yasuhiro Irie,Katsushi Sakurabi,Akira Ishida,Akemi Okamura,Akio Suyama,Shôto Kashii, Matsuo Asami,Katsushi Sakurabi,Akira Ishida,Akemi Okamura,Akio Suyama,Shôto Kashii, Ken'ichirô Watanabe,Katsushi Sakurabi,Akira Ishida,Akemi Okamura,Akio Suyama,Shôto Kashii",0.0
 Gunslinger Girl,"8,237.",(2003–2004),23 min,"Animation, Action, Drama",7.033333333333334,,107.0
 Hamburg Transit,"8,265.",(1970–1974),24 min,"Action, Adventure, Crime",6.40625,,99.0
 Harbor Command,"8,281.",(1957–1958),30 min,Action,6.557142857142857,,53.0
 Hard Time on Planet Earth,"8,320.",(1989),Desconhecido,,7.808333333333334,,157.0
 Hardball,"8,332.",(1989–1990),Desconhecido,"Action, Crime, Drama",6.466666666666668,,19.0
 Hardcastle and McCormick,"8,415.",(1983–1986),Desconhecido,"Action, Crime, Drama",7.336923076923076,,2159.0
 Harry O,"8,417.",(1973–1976),Desconhecido,"Action, Crime, Drama",7.675000000000001,,1880.0
 Harsh Realm,"8,466.",(1999–2000),Desconhecido,"Action, Drama, Mystery",7.4125,,643.0
 Hart to Hart,"8,469.",(1979–1984),60 min,"Action, Adventure, Crime",7.432407407407408,,11861.0
 Hawaii,"8,578.",(2004),Desconhecido,,8.2,,20.0
 Hawaiian Eye,"8,670.",(1959–1963),60 min,"Action, Adventure, Crime",7.368992248062015,,1819.0
 Hawaiian Heat,"8,719.",(1984),Desconhecido,"Action, Crime, Drama",,"Michael Vejar,Victoria Tarazi,Robert Ginty,Jeff McCracken,Tracy Scoggins,Branscombe Richmond,« Previous,Next »,TV Episodes,Action,Adventure,Drama,Comedy,Animation,Fantasy,Sci-Fi,Family,Crime,Thriller,Romance,Mystery,Sport,Game-Show,Music,Horror,History,War,Short,Reality-TV,Western,Talk-Show,Biography,Documentary,Musical,News,<svg version=""1.1"" id=""Layer_1"" xmlns=""http://www.w3.org/2000/svg"" x=""0px"" y=""0px"" viewBox=""0 0 30 14"" class=""sc-bcXHqe xhbNo"", Ivan Dixon,Victoria Tarazi,Robert Ginty,Jeff McCracken,Tracy Scoggins,Branscombe Richmond",0.0
 He-Man and the Masters of the Universe,"8,729.",(1983–1985),30 min,"Animation, Action, Adventure",7.260000000000001,,480.0
 HeliCops - Einsatz über Berlin,"8,735.",(1998–2001),47 min,"Action, Adventure, Crime",6.5,,92.0
 Hercules,"8,768.",(1998–1999),23 min,"Animation, Action, Adventure",8.194999999999999,,1400.0
 Hercules: The Legendary Journeys,"8,874.",(1995–1999),44 min,"Action, Adventure, Drama",6.811009174311926,,37156.0
 Heroic Mission,"8,918.",(1967– ),Desconhecido,,,,0.0
 High Mountain Rangers,"8,919.",(1987–1988),Desconhecido,"Action, Adventure",8.1,,80.0
 Highlander,"8,922.",(1992–1998),49 min,"Action, Adventure, Fantasy",7.624999999999999,,20620.0
 Highlander: The Raven,"9,041.",(1998–1999),47 min,"Action, Adventure, Crime",7.25909090909091,,936.0
 Highway Patrol,"9,078.",(1955–1959),30 min,"Action, Crime, Drama",7.837037037037037,,1695.0
 Hollywood Safari,"9,100.",(1998– ),Desconhecido,,,,0.0
 Homicide,"9,384.",(1964–1977),Desconhecido,"Action, Crime, Drama",6.3,"Bruce Ross-Smith,Ian Jones,Lex Mitchell,John Fegan,Terry McDermott,Anne Charleston, Bruce Ross-Smith,Ian Jones,Terry McDermott,John Fegan,Leonard Teale,Christine Calcutt, Bruce Ross-Smith,David Lee,John Fegan,Leonard Teale,Les Dayman,Margaret Cruickshank, Bruce Ross-Smith,David Lee,Terry McDermott,John Fegan,Leonard Teale,Sonia Borg, Athol Charlwood,Gary Conway,John Fegan,Leonard Teale,Les Dayman,George Mallaby, Bruce Ross-Smith,David Lee,Terry McDermott,John Fegan,Leonard Teale,Jack Allan, Bruce Ross-Smith,David Lee,John Fegan,Leonard Teale,Les Dayman,Carl Bleazby, Bruce Ross-Smith,Ian Jones,John Fegan,Leonard Teale,Les Dayman,Graeme Bent, Bruce Ross-Smith,Ian Jones,Lex Mitchell,John Fegan,Terry McDermott,Helen Agland,« Previous,Next »,TV Episodes,Action,Adventure,Drama,Comedy,Animation,Fantasy,Sci-Fi,Family,Crime,Thriller,Romance,Mystery,Sport,Game-Show,Music,Horror,History,War,Short,Reality-TV,Western,Talk-Show,Biography,Documentary,Musical,News,<svg version=""1.1"" id=""Layer_1"" xmlns=""http://www.w3.org/2000/svg"" x=""0px"" y=""0px"" viewBox=""0 0 30 14"" class=""sc-bcXHqe xhbNo"", Bruce Ross-Smith,David Lee,John Fegan,Leonard Teale,Les Dayman,Sonia Borg, Alex Emanuel,David Lee,John Fegan,Leonard Teale,Lionel Long,George Mallaby, Alex Emanuel,George Miller,Alwyn Kurts,Leonard Teale,Norman Yemm,George Mallaby, Bruce Ross-Smith,David Lee,John Fegan,Leonard Teale,Les Dayman,Bruce Barry, Bruce Ross-Smith,David Lee,John Fegan,Leonard Teale,Les Dayman,Robert Bruning, Ken Fitzgerald,Paul Jansen,Alwyn Kurts,Leonard Teale,Norman Yemm,George Mallaby, Athol Charlwood,David Lee,John Fegan,Leonard Teale,Les Dayman,Harold Hopkins, Athol Charlwood,Andrew Swanson,John Fegan,Leonard Teale,Les Dayman,Julianna Allan, Bruce Ross-Smith,David Lee,Leonard Teale,John Fegan,Terry McDermott,Lyndall Barbour, Bruce Ross-Smith,David Lee,Leonard Teale,John Fegan,Terry McDermott,Beatrice Aston, Bruce Ross-Smith,David Lee,John Fegan,Leonard Teale,Les Dayman,Peter Armstrong, Athol Charlwood,Andrew Swanson,John Fegan,Leonard Teale,Les Dayman,Alexander Cann, Bruce Ross-Smith,Ian Jones,John Fegan,Leonard Teale,Les Dayman,John Armstrong, Bruce Ross-Smith,Andrew Swanson,Alwyn Kurts,Leonard Teale,Michael Preston,George Mallaby, Bruce Ross-Smith,David Lee,Leonard Teale,John Fegan,Terry McDermott,Dennis Clinton, Bruce Ross-Smith,Ian Jones,Terry McDermott,John Fegan,Leonard Teale,Kurt Beimel, Athol Charlwood,Andrew Swanson,John Fegan,Leonard Teale,Les Dayman,Barbara Brandon, Bruce Ross-Smith,David Lee,John Fegan,Leonard Teale,Les Dayman,Bert Benney, Bruce Ross-Smith,Ian Jones,Leonard Teale,John Fegan,Terry McDermott,John Armstrong, Athol Charlwood,David Lee,John Fegan,Leonard Teale,Les Dayman,Queenie Ashton, Ken Fitzgerald,David Stevens,Alwyn Kurts,Leonard Teale,Michael Preston,George Mallaby, Bruce Ross-Smith,David Lee,John Fegan,Leonard Teale,Les Dayman,Ian Boyce, Bruce Ross-Smith,Ian Jones,Leonard Teale,John Fegan,Terry McDermott,Chris Christensen,« Previous,Next »,TV Episodes,Action,Adventure,Drama,Comedy,Animation,Fantasy,Sci-Fi,Family,Crime,Thriller,Romance,Mystery,Sport,Game-Show,Music,Horror,History,War,Short,Reality-TV,Western,Talk-Show,Biography,Documentary,Musical,News,<svg version=""1.1"" id=""Layer_1"" xmlns=""http://www.w3.org/2000/svg"" x=""0px"" y=""0px"" viewBox=""0 0 30 14"" class=""sc-bcXHqe xhbNo"", Alf Potter,David Lee,John Fegan,Leonard Teale,Les Dayman,Roly Barlee, Alex Emanuel,Paul Eddey,Alwyn Kurts,Leonard Teale,Norman Yemm,George Mallaby, Bruce Ross-Smith,Ian Jones,Leonard Teale,John Fegan,Terry McDermott,Barbara Brandon, Bruce Ross-Smith,Ian Jones,Lex Mitchell,John Fegan,Terry McDermott,Roly Barlee, Athol Charlwood,David Lee,John Fegan,Leonard Teale,Les Dayman,John Darcy, Bruce Ross-Smith,Ian Jones,Leonard Teale,John Fegan,Terry McDermott,Blaise Antony, Alex Emanuel,Ian Bennett,Bruce Ross-Smith,Alwyn Kurts,Leonard Teale,Norman Yemm,George Mallaby, Bruce Ross-Smith,Ian Jones,Leonard Teale,John Fegan,Terry McDermott,Anne Charleston, Graeme Arthur,Darryl Sheen,Alwyn Kurts,Leonard Teale,Michael Preston,George Mallaby, Athol Charlwood,Andrew Swanson,John Fegan,Leonard Teale,Les Dayman,Peter Armstrong, Bruce Ross-Smith,David Lee,John Fegan,Leonard Teale,Les Dayman,Liz Harris, Bruce Ross-Smith,Ian Jones,Lex Mitchell,John Fegan,Terry McDermott,Carl Bleazby, Bruce Ross-Smith,Ian Jones,John Fegan,Terry McDermott,Lex Mitchell,Judith Arthy, Graeme Arthur,Ken Fitzgerald,David Stevens,Alwyn Kurts,Leonard Teale,Michael Preston,George Mallaby, Graeme Arthur,Ian Bennett,Alwyn Kurts,Leonard Teale,Michael Preston,George Mallaby, Bruce Ross-Smith,Ian Jones,Lex Mitchell,John Fegan,Terry McDermott,Ian Boyce, Bruce Ross-Smith,Ian Jones,Lex Mitchell,John Fegan,Terry McDermott,Mal Carmont, Alex Emanuel,Paul Jansen,George Miller,Alwyn Kurts,Leonard Teale,Norman Yemm,George Mallaby, Alex Emanuel,David Lee,Alwyn Kurts,Leonard Teale,Norman Yemm,George Mallaby,« Previous,Next »,TV Episodes,Action,Adventure,Drama,Comedy,Animation,Fantasy,Sci-Fi,Family,Crime,Thriller,Romance,Mystery,Sport,Game-Show,Music,Horror,History,War,Short,Reality-TV,Western,Talk-Show,Biography,Documentary,Musical,News,<svg version=""1.1"" id=""Layer_1"" xmlns=""http://www.w3.org/2000/svg"" x=""0px"" y=""0px"" viewBox=""0 0 30 14"" class=""sc-bcXHqe xhbNo"", Bruce Ross-Smith,David Lee,John Fegan,Leonard Teale,Les Dayman,Kevin Colebrook, Bruce Ross-Smith,Ian Jones,Lex Mitchell,John Fegan,Terry McDermott,Horst Bergfried, Bruce Ross-Smith,David Lee,John Fegan,Leonard Teale,Les Dayman,Moira Farrow, Alf Potter,David Lee,Leonard Teale,John Fegan,Terry McDermott,Helen Agland, Bruce Ross-Smith,Ian Jones,Terry McDermott,John Fegan,Leonard Teale,Peter Armstrong, Athol Charlwood,Andrew Swanson,John Fegan,Leonard Teale,Les Dayman,John Barnes, Athol Charlwood,David Lee,John Fegan,Leonard Teale,Les Dayman,Alistair Duncan, Alex Emanuel,Gary Conway,John Fegan,Leonard Teale,Lionel Long,George Mallaby, Athol Charlwood,Gary Conway,John Fegan,Leonard Teale,Les Dayman,Betty Conabere, Alex Emanuel,Gary Conway,Alwyn Kurts,Leonard Teale,Norman Yemm,George Mallaby, Athol Charlwood,Gary Conway,John Fegan,Leonard Teale,Les Dayman,Hilary Bamberger, Bruce Ross-Smith,David Lee,John Fegan,Leonard Teale,Les Dayman,Manuel Bugeja, Graeme Arthur,David Pulbrook,Alwyn Kurts,Leonard Teale,Michael Preston,George Mallaby, Bruce Ross-Smith,David Lee,John Fegan,Leonard Teale,Les Dayman,Roger Diss, Bruce Ross-Smith,David Lee,John Fegan,Leonard Teale,Les Dayman,John Darcy, Bruce Ross-Smith,Ian Jones,Lex Mitchell,John Fegan,Terry McDermott,Helen Agland, Bruce Ross-Smith,David Lee,Leonard Teale,John Fegan,Terry McDermott,Leila Blake, Bruce Ross-Smith,David Stevens,Alwyn Kurts,Leonard Teale,Michael Preston,George Mallaby,« Previous,Next »,TV Episodes,Action,Adventure,Drama,Comedy,Animation,Fantasy,Sci-Fi,Family,Crime,Thriller,Romance,Mystery,Sport,Game-Show,Music,Horror,History,War,Short,Reality-TV,Western,Talk-Show,Biography,Documentary,Musical,News,<svg version=""1.1"" id=""Layer_1"" xmlns=""http://www.w3.org/2000/svg"" x=""0px"" y=""0px"" viewBox=""0 0 30 14"" class=""sc-bcXHqe xhbNo"", Bruce Ross-Smith,Ian Jones,John Fegan,Leonard Teale,Les Dayman,Carole-Ann Aylett, Alex Emanuel,Richard Franklin,Alwyn Kurts,Leonard Teale,Norman Yemm,George Mallaby, Bruce Ross-Smith,Ian Jones,Leonard Teale,John Fegan,Terry McDermott,Tommy Dysart, Bruce Ross-Smith,David Lee,John Fegan,Leonard Teale,Les Dayman,Ian Bennett,« Previous,Next »,TV Episodes,Action,Adventure,Drama,Comedy,Animation,Fantasy,Sci-Fi,Family,Crime,Thriller,Romance,Mystery,Sport,Game-Show,Music,Horror,History,War,Short,Reality-TV,Western,Talk-Show,Biography,Documentary,Musical,News,<svg version=""1.1"" id=""Layer_1"" xmlns=""http://www.w3.org/2000/svg"" x=""0px"" y=""0px"" viewBox=""0 0 30 14"" class=""sc-bcXHqe xhbNo"", Bruce Ross-Smith,Ian Jones,Terry McDermott,John Fegan,Leonard Teale,Kirsty Child, Bruce Ross-Smith,David Lee,Leonard Teale,John Fegan,Terry McDermott,Peter Curtin, Bruce Ross-Smith,David Lee,Leonard Teale,John Fegan,Terry McDermott,Marcella Burgoyne, Bruce Ross-Smith,David Lee,John Fegan,Leonard Teale,Les Dayman,Anne Charleston, Bruce Ross-Smith,Ian Jones,Leonard Teale,John Fegan,Terry McDermott,Carl Bleazby, Ken Fitzgerald,Peter Bray,Alwyn Kurts,Leonard Teale,Michael Preston,George Mallaby, Bruce Ross-Smith,Ian Jones,Lex Mitchell,John Fegan,Terry McDermott,Lynne Flanagan, Ken Fitzgerald,David Lee,Alwyn Kurts,Leonard Teale,Michael Preston,George Mallaby, Bruce Ross-Smith,Ian Jones,Lex Mitchell,John Fegan,Terry McDermott,Roy Day, Bruce Ross-Smith,Ian Bennett,Alwyn Kurts,Leonard Teale,Michael Preston,George Mallaby, Graeme Arthur,Peter Bray,Alwyn Kurts,Leonard Teale,Michael Preston,George Mallaby, Bruce Ross-Smith,Ian Jones,Lex Mitchell,John Fegan,Terry McDermott,Ray Angel, Bruce Ross-Smith,Ian Jones,Lex Mitchell,John Fegan,Terry McDermott,Judith Arthy, Bruce Ross-Smith,Ian Jones,Lex Mitchell,John Fegan,Terry McDermott,Margaret Cruickshank, Ken Fitzgerald,Andrew Swanson,Alwyn Kurts,Leonard Teale,Norman Yemm,George Mallaby, Graeme Arthur,David Stevens,Alwyn Kurts,Leonard Teale,Michael Preston,George Mallaby, Bruce Ross-Smith,David Lee,John Fegan,Leonard Teale,Les Dayman,Blaise Antony, Alex Emanuel,Gary Conway,Alwyn Kurts,Leonard Teale,Lionel Long,George Mallaby, Igor Auzins,Gary Conway,Jon English,Kate Sheil,Charles 'Bud' Tingwell,Don Barker, Bruce Ross-Smith,David Lee,John Fegan,Leonard Teale,Les Dayman,Carole-Ann Aylett, Athol Charlwood,Andrew Swanson,John Fegan,Leonard Teale,Les Dayman,George Mallaby, Ken Fitzgerald,Richard Franklin,Alwyn Kurts,Leonard Teale,Norman Yemm,George Mallaby, Bruce Ross-Smith,Ian Jones,Lex Mitchell,John Fegan,Terry McDermott,Christine Calcutt, Alex Emanuel,Ian Jones,John Fegan,Leonard Teale,Les Dayman,George Mallaby, Bruce Ross-Smith,David Lee,John Fegan,Leonard Teale,Les Dayman,Dulcie Davenport, Alex Emanuel,David Lee,Alwyn Kurts,Leonard Teale,Michael Preston,George Mallaby, Bruce Ross-Smith,David Lee,John Fegan,Leonard Teale,Les Dayman,Helmut Bakaitis, Alex Emanuel,David Pulbrook,Alwyn Kurts,Leonard Teale,Michael Preston,George Mallaby, Alex Emanuel,David Lee,Alwyn Kurts,Leonard Teale,Norman Yemm,George Mallaby, Bruce Ross-Smith,Ian Jones,Leonard Teale,John Fegan,Terry McDermott,Mark Albiston, Bruce Ross-Smith,David Lee,John Fegan,Leonard Teale,Les Dayman,Lorraine Bayly, Bruce Ross-Smith,David Lee,John Fegan,Leonard Teale,Les Dayman,Peter Adams, Alex Emanuel,Ian Bennett,Alwyn Kurts,Leonard Teale,Norman Yemm,George Mallaby, Alf Potter,David Lee,John Fegan,Leonard Teale,Les Dayman,Carl Bleazby, Bruce Ross-Smith,Ian Jones,Lex Mitchell,John Fegan,Terry McDermott,Billie Hammerberg, Alex Emanuel,Paul Jansen,Alwyn Kurts,Leonard Teale,Norman Yemm,George Mallaby, Bruce Ross-Smith,David Lee,John Fegan,Leonard Teale,Les Dayman,Barbara Brandon, Athol Charlwood,Andrew Swanson,John Fegan,Leonard Teale,Les Dayman,Peter Aanensen, Bruce Ross-Smith,David Lee,Leonard Teale,John Fegan,Terry McDermott,Roly Barlee, Alex Emanuel,Andrew Swanson,Alwyn Kurts,Leonard Teale,Michael Preston,George Mallaby, Bruce Ross-Smith,David Lee,John Fegan,Leonard Teale,Les Dayman,Peter Aanensen, Bruce Ross-Smith,David Lee,John Fegan,Leonard Teale,Les Dayman,Leonard Bullen, Bruce Ross-Smith,Ian Jones,Lex Mitchell,John Fegan,Terry McDermott,Sonia Borg, Bruce Ross-Smith,Ian Jones,Lex Mitchell,John Fegan,Terry McDermott,Robert Earle, Bruce Ross-Smith,Ian Jones,Lex Mitchell,John Fegan,Terry McDermott,Terri Aldred, Bruce Ross-Smith,Peter Bray,Alwyn Kurts,Leonard Teale,Michael Preston,George Mallaby, Athol Charlwood,Gary Conway,John Fegan,Leonard Teale,Les Dayman,Moira Carleton, Ken Fitzgerald,David Lee,Alwyn Kurts,Leonard Teale,Norman Yemm,George Mallaby, Bruce Ross-Smith,David Lee,John Fegan,Leonard Teale,Les Dayman,Julie Costello, Bruce Ross-Smith,David Lee,John Fegan,Leonard Teale,Les Dayman,Michael Cole, Bruce Ross-Smith,David Lee,John Fegan,Leonard Teale,Les Dayman,Ivor Bromley, Bruce Ross-Smith,Ian Jones,Leonard Teale,John Fegan,Terry McDermott,Moira Carleton, Bill Catmull,Igor Auzins,Alwyn Kurts,Leonard Teale,Michael Preston,George Mallaby, Alex Emanuel,David Pulbrook,Alwyn Kurts,Leonard Teale,Norman Yemm,George Mallaby, Athol Charlwood,David Lee,John Fegan,Leonard Teale,Les Dayman,George Mallaby, Bruce Ross-Smith,David Lee,John Fegan,Leonard Teale,Les Dayman,David Ansell, Bruce Ross-Smith,Ian Jones,Lex Mitchell,John Fegan,Terry McDermott,Earl Francis, Bruce Ross-Smith,Ian Jones,Leonard Teale,John Fegan,Terry McDermott,John Darcy, Alex Emanuel,Gary Conway,Alwyn Kurts,Leonard Teale,Michael Preston,George Mallaby, Bruce Ross-Smith,David Lee,Terry McDermott,John Fegan,Leonard Teale,Betty Bobbitt, Alex Emanuel,José Luis Bayonas,Alwyn Kurts,Leonard Teale,Norman Yemm,George Mallaby, Ken Fitzgerald,Gary Conway,Alwyn Kurts,Leonard Teale,Lionel Long,George Mallaby, Athol Charlwood,Andrew Swanson,John Fegan,Leonard Teale,Les Dayman,Julie Day, Alex Emanuel,Ian Jones,Alwyn Kurts,Leonard Teale,Norman Yemm,George Mallaby, Alex Emanuel,Gary Conway,Alwyn Kurts,Leonard Teale,Norman Yemm,George Mallaby,« Previous,Next »,TV Episodes,Action,Adventure,Drama,Comedy,Animation,Fantasy,Sci-Fi,Family,Crime,Thriller,Romance,Mystery,Sport,Game-Show,Music,Horror,History,War,Short,Reality-TV,Western,Talk-Show,Biography,Documentary,Musical,News,<svg version=""1.1"" id=""Layer_1"" xmlns=""http://www.w3.org/2000/svg"" x=""0px"" y=""0px"" viewBox=""0 0 30 14"" class=""sc-bcXHqe xhbNo"", Bruce Ross-Smith,Ian Jones,John Fegan,Leonard Teale,Les Dayman,Robin Cuming, Bruce Ross-Smith,Ian Jones,Lex Mitchell,John Fegan,Terry McDermott,Peter Aanensen, Athol Charlwood,Andrew Swanson,John Fegan,Leonard Teale,Les Dayman,Pamela Borain, Athol Charlwood,Gary Conway,John Fegan,Leonard Teale,Les Dayman,Ken Goodlet, Athol Charlwood,David Lee,John Fegan,Leonard Teale,Les Dayman,Keith Birney, Alex Emanuel,Andrew Swanson,Alwyn Kurts,Leonard Teale,Norman Yemm,George Mallaby, Alf Potter,David Lee,John Fegan,Leonard Teale,Les Dayman,John Bassett, Bruce Ross-Smith,Ian Jones,Lex Mitchell,John Fegan,Terry McDermott,Elspeth Ballantyne, Alex Emanuel,Ian Jones,David Lee,Alwyn Kurts,Leonard Teale,Norman Yemm,George Mallaby, Bruce Ross-Smith,David Lee,John Fegan,Leonard Teale,Les Dayman,Les Berryman, Alex Emanuel,David Lee,Alwyn Kurts,Leonard Teale,Lionel Long,George Mallaby, Bruce Ross-Smith,David Lee,John Fegan,Leonard Teale,Les Dayman,Carl Bleazby,« Previous,Next »,TV Episodes,Action,Adventure,Drama,Comedy,Animation,Fantasy,Sci-Fi,Family,Crime,Thriller,Romance,Mystery,Sport,Game-Show,Music,Horror,History,War,Short,Reality-TV,Western,Talk-Show,Biography,Documentary,Musical,News,<svg version=""1.1"" id=""Layer_1"" xmlns=""http://www.w3.org/2000/svg"" x=""0px"" y=""0px"" viewBox=""0 0 30 14"" class=""sc-bcXHqe xhbNo"", Bruce Ross-Smith,David Lee,Leonard Teale,John Fegan,Terry McDermott,Don Crosby, Bruce Ross-Smith,David Lee,John Fegan,Leonard Teale,Les Dayman,Kurt Beimel, Bruce Ross-Smith,David Pulbrook,Alwyn Kurts,Leonard Teale,Michael Preston,George Mallaby, Bruce Ross-Smith,David Lee,John Fegan,Leonard Teale,Les Dayman,Ray Angel, Bruce Ross-Smith,Ian Jones,Lex Mitchell,John Fegan,Terry McDermott,Graeme Bent, Bruce Ross-Smith,David Lee,John Fegan,Leonard Teale,Les Dayman,Aileen Britton, Bruce Ross-Smith,David Lee,John Fegan,Leonard Teale,Les Dayman,Don Barker,« Previous,Next »,TV Episodes,Action,Adventure,Drama,Comedy,Animation,Fantasy,Sci-Fi,Family,Crime,Thriller,Romance,Mystery,Sport,Game-Show,Music,Horror,History,War,Short,Reality-TV,Western,Talk-Show,Biography,Documentary,Musical,News,<svg version=""1.1"" id=""Layer_1"" xmlns=""http://www.w3.org/2000/svg"" x=""0px"" y=""0px"" viewBox=""0 0 30 14"" class=""sc-bcXHqe xhbNo"", Athol Charlwood,Gary Conway,John Fegan,Leonard Teale,Les Dayman,Blaise Antony, Bruce Ross-Smith,Ian Jones,Leonard Teale,John Fegan,Terry McDermott,Elliott Cairnes, Bruce Ross-Smith,Ian Jones,Leonard Teale,John Fegan,Terry McDermott,Beverley Dunn, Bruce Ross-Smith,David Lee,John Fegan,Leonard Teale,Les Dayman,Dorothy Bradley, Alf Potter,Ian Jones,Lex Mitchell,John Fegan,Terry McDermott,Roly Barlee, Bill Catmull,David Stevens,Alwyn Kurts,Leonard Teale,Michael Preston,George Mallaby, Alex Emanuel,David Lee,John Fegan,Leonard Teale,Les Dayman,George Mallaby, Bruce Ross-Smith,Ian Jones,Leonard Teale,John Fegan,Terry McDermott,John Burls, David Stevens,Ian Bennett,Charles 'Bud' Tingwell,George Mallaby,John Stanton,Gary Day",7.0
 Honey West,"9,628.",(1965–1966),25 min,"Action, Crime, Drama",7.0,,541.0
 Hot Wheels Highway 35 World Race,572.,(2003–2006),60 min,"Animation, Action, Sci-Fi",7.2,"Andrew Duncan,Gino Nichele,Kathleen Barr,Lisa Ann Beley,Dexter Bell,Michael Donovan",82.0
 Houston Knights,56.,(1987–1988),60 min,"Action, Crime, Drama",8.2,"Richard Lang,Gary Nelson,Michael Paré,Michael Beck,Leigh Taylor-Young,John Hancock",98.0
 Hunter,79.,(1984–1991),60 min,"Action, Crime, Drama",7.7,,67.0
 Interpol,235.,(1963–1967),60 min,"Action, Crime, Thriller",9.175,,74.0
 JAG,185.,(1995–2005),60 min,"Action, Crime, Drama",7.8,,616.0
 Jericho,579.,(2006–2008),39 min,"Action, Drama, Mystery",7.8,,1234.0
 Jets - Leben am Limit,136.,(1999– ),Desconhecido,,3.6,"Michael Kennedy,Stefan Klisch,Klaus Witting,Jim Boeven,Andreas Elsholz,Frank Jordan,Gunther Gillian",101.0
 Kobra. Antiterror,552.,(2003– ),Desconhecido,,6.4,"Igor Apasyan,Oleg Fesenko,Louis Per Bruno,Konstantin Kotlyarov,Armands Neylands-Yaunzems,Yuriy Petrov",13.0
 Kommissar Rex,499.,(1994–2004),Desconhecido,"Action, Crime, Mystery",7.6,,273.0
 L'homme d'Amsterdam,"9,626.",(1976),56 min,Action,,"John van de Rest,Victor Vicas,Pierre Vaneck,Josine van Dalsum,Maxim Hamel,Pim Dikkers, John van de Rest,Victor Vicas,Pierre Vaneck,Maxim Hamel,Josine van Dalsum,Steye van Brandenberg",0.0
 La Femme Nikita,482.,(1997–2001),45 min,"Action, Crime, Drama",7.666666666666667,,351.0
 Larry Boy: The Cartoon Adventures,258.,(2002–2003),30 min,"Animation, Action, Adventure",7.050000000000001,"Larry Whitaker,Tom Bancroft,Tom Bancroft,Shari Belgeau,Marc Graue,Lee Marshall, Larry Whitaker,Tom Bancroft,Shari Belgeau,Marc Graue,Lee Marshall,Mike Nawrocki",212.0
 Le gorille,"8,196.",(1990–1992),82 min,"Action, Comedy, Thriller",,,0.0
 Legend of the Galactic Heroes,"7,956.",(1988–1997),25 min,"Animation, Action, Drama",8.054,"Shinichiro Kimura,Noboru Ishiguro,Ryô Horikawa,Masako Katsuki,Kei Tomiyama,Nozomu Sasaki, Kume Issei,Mitsutaka Noshitani,Fumihiro Ueno,Noboru Ishiguro,Ryô Horikawa,Masako Katsuki,Katsuji Mori,Yû Mizushima,« Previous,Next »,TV Episodes,Action,Adventure,Drama,Comedy,Animation,Fantasy,Sci-Fi,Family,Crime,Thriller,Romance,Mystery,Sport,Game-Show,Music,Horror,History,War,Short,Reality-TV,Western,Talk-Show,Biography,Documentary,Musical,News,<svg version=""1.1"" id=""Layer_1"" xmlns=""http://www.w3.org/2000/svg"" x=""0px"" y=""0px"" viewBox=""0 0 30 14"" class=""sc-bcXHqe xhbNo"", Katsuhisa Yamada,Noboru Ishiguro,Ryô Horikawa,Kaneto Shiozawa,Katsuji Mori,Masashi Hironaka, Akio Sakai,Noboru Ishiguro,Kei Tomiyama,Yoshiko Sakakibara,Nozomu Sasaki,Issei Masamune, Shinji Takagi,Noboru Ishiguro,Kei Tomiyama,Keaton Yamada,Kôsei Tomita,Yoshiko Sakakibara, Keitarô Motonaga,Noboru Ishiguro,Ryô Horikawa,Masashi Hironaka,Kei Tomiyama,Yoshiko Sakakibara, Satoshi Kimura,Mitsutaka Noshitani,Fumihiro Ueno,Noboru Ishiguro,Ryô Horikawa,Masashi Hironaka,Keiko Han,Kaneto Shiozawa, Tatsuya Okamoto,Noboru Ishiguro,Kei Tomiyama,Yoshiko Sakakibara,Nozomu Sasaki,Mami Koyama, Yoshito Hata,Noboru Ishiguro,Ryô Horikawa,Masashi Hironaka,Keiko Han,Kei Tomiyama, Makoto Nagao,Noboru Ishiguro,Ryô Horikawa,Masashi Hironaka,Keiko Han,Norio Wakamoto, Satoshi Kimura,Fumihiro Ueno,Noboru Ishiguro,Ryô Horikawa,Masashi Hironaka,Keiko Han,Kei Tomiyama, Masato Kitagawa,Noboru Ishiguro,Ryô Horikawa,Masako Katsuki,Kei Tomiyama,Nozomu Sasaki, Masayuki Ôzeki,Noboru Ishiguro,Ryô Horikawa,Masashi Hironaka,Keiko Han,Kaneto Shiozawa, Tomokazu Kôgo,Noboru Ishiguro,Ryô Horikawa,Masako Katsuki,Nozomu Sasaki,Kaneto Shiozawa, Noboru Ishiguro,Fumihiro Ueno,Kei Tomiyama,Michio Hazama,Yoshiko Sakakibara,Kaneto Shiozawa, Shinichiro Kimura,Noboru Ishiguro,Keaton Yamada,Yoshiko Sakakibara,Michio Hazama,Takeshi Aono, Kenichi Maejima,Fumihiro Ueno,Noboru Ishiguro,Ryô Horikawa,Masako Katsuki,Kei Tomiyama,Nozomu Sasaki, Tomokazu Kôgo,Noboru Ishiguro,Ryô Horikawa,Kei Tomiyama,Yoshiko Sakakibara,Nozomu Sasaki, Kiyoshi Nakamura,Mitsutaka Noshitani,Fumihiro Ueno,Noboru Ishiguro,Ryô Horikawa,Kaneto Shiozawa,Norio Wakamoto,Masako Katsuki, Tomokazu Kôgo,Mitsutaka Noshitani,Fumihiro Ueno,Noboru Ishiguro,Ryô Horikawa,Kaneto Shiozawa,Katsuji Mori,Kei Tomiyama, Hiroshi Yamada,Noboru Ishiguro,Ryô Horikawa,Masashi Hironaka,Kei Tomiyama,Yoshiko Sakakibara, Kazunori Tanabashi,Noboru Ishiguro,Ryô Horikawa,Masako Katsuki,Kei Tomiyama,Nozomu Sasaki, Norifumi Kiyozumi,Mitsutaka Noshitani,Fumihiro Ueno,Noboru Ishiguro,Ryô Horikawa,Masashi Hironaka,Kei Tomiyama,Yoshiko Sakakibara, Yasuhiro Matsumura,Noboru Ishiguro,Nozomu Sasaki,Akira Kume,Osamu Saka,Shigeru Chiba, Shinichiro Kimura,Noboru Ishiguro,Ryô Horikawa,Masako Katsuki,Keiko Han,Masami Kikuchi, Hideki Tonokatsu,Noboru Ishiguro,Ryô Horikawa,Masashi Hironaka,Keiko Han,Masako Katsuki, Kenichi Maejima,Fumihiro Ueno,Noboru Ishiguro,Kei Tomiyama,Yoshiko Sakakibara,Nozomu Sasaki,Keaton Yamada, Hanyû Raisen,Noboru Ishiguro,Kei Tomiyama,Yoshiko Sakakibara,Nozomu Sasaki,Ryô Horikawa, Tatsuya Okamoto,Noboru Ishiguro,Kei Tomiyama,Yoshiko Sakakibara,Michio Hazama,Mami Koyama, Kazuo Tomisawa,Noboru Ishiguro,Ryô Horikawa,Masashi Hironaka,Keiko Han,Kaneto Shiozawa, Mitsutaka Noshitani,Yazaki Shigeru,Fumihiro Ueno,Noboru Ishiguro,Ryô Horikawa,Masako Katsuki,Kei Tomiyama,Yoshiko Sakakibara, Yoshihiro Ueda,Noboru Ishiguro,Kei Tomiyama,Yoshiko Sakakibara,Nozomu Sasaki,Tesshô Genda, Shinichiro Kimura,Fumihiro Ueno,Noboru Ishiguro,Ryô Horikawa,Masako Katsuki,Kei Tomiyama,Yoshiko Sakakibara, Daichi Katô,Tomomasa Yamazaki,Noboru Ishiguro,Kei Tomiyama,Kôsei Tomita,Yoshiko Sakakibara,Unshô Ishizuka, Mitsutaka Noshitani,Yoshihiro Ueda,Fumihiro Ueno,Noboru Ishiguro,Ryô Horikawa,Katsuji Mori,Masako Katsuki,Norio Wakamoto, Satoru Namekawa,Noboru Ishiguro,Ryô Horikawa,Masashi Hironaka,Keiko Han,Kei Tomiyama, Hanyû Raisen,Noboru Ishiguro,Ryô Horikawa,Masashi Hironaka,Masako Katsuki,Kei Tomiyama, Noboru Ishiguro,Shinji Takagi,Ryô Horikawa,Masashi Hironaka,Keiko Han,Osamu Saka, Hiroshi Yamada,Noboru Ishiguro,Kei Tomiyama,Nozomu Sasaki,Mami Koyama,Keaton Yamada, Masato Kitagawa,Noboru Ishiguro,Ryô Horikawa,Keiko Han,Kei Tomiyama,Nozomu Sasaki, Kenichi Maejima,Fumihiro Ueno,Noboru Ishiguro,Ryô Horikawa,Kei Tomiyama,Yoshiko Sakakibara,Norio Wakamoto, Hiroshi Yamada,Noboru Ishiguro,Ryô Horikawa,Masashi Hironaka,Kaneto Shiozawa,Shûichi Ikeda, Hiroshi Kawashima,Fumihiro Ueno,Noboru Ishiguro,Ryô Horikawa,Kaneto Shiozawa,Kei Tomiyama,Yoshiko Sakakibara, Yazaki Shigeru,Noboru Ishiguro,Ryô Horikawa,Masako Katsuki,Kei Tomiyama,Nozomu Sasaki, Mitsutaka Noshitani,Tatsuya Okamoto,Fumihiro Ueno,Noboru Ishiguro,Ryô Horikawa,Kaneto Shiozawa,Katsuji Mori,Masashi Hironaka, Tomomasa Yamazaki,Noboru Ishiguro,Ryô Horikawa,Masashi Hironaka,Masako Katsuki,Kei Tomiyama, Daichi Katô,Kenichi Maejima,Noboru Ishiguro,Ryô Horikawa,Kei Tomiyama,Nozomu Sasaki,Kiyoshi Kobayashi",8414.0
 Les aventures tumultueuses de Jack Carter,"2,284.",(2003– ),Desconhecido,,,,0.0
 Lexx,502.,(1996–2002),47 min,"Action, Adventure, Comedy",7.225,,1968.0
 Lone Wolf and Cub,164.,(1973– ),Desconhecido,,7.9,,10.0
 Los hombres de Paco,"9,109.",(2005–2021),Desconhecido,,8.2125,,164.0
 M.E.T.R.O. - Ein Team auf Leben und Tod,580.,(2006– ),90 min,"Action, Crime",,,0.0
 MacGyver,123.,(1985–1992),49 min,"Action, Adventure, Crime",7.8,,2230.0
 Ned Blessing: The Story of My Life and Times,177.,(1993– ),Desconhecido,,6.6,,11.0
 New Captain Scarlet,"4,671.",(2005),21 min,"Animation, Action, Sci-Fi",7.633333333333333,"Dominic Lavery,Mark Woollard,Wayne Forester,Emma Tate,Mike Haley,Jules de Jongh",119.0
 Nickelodeon GUTS,"8,240.",(1992–1995),Desconhecido,,,,0.0
 Odyssey 5,218.,(2002–2004),120 min,"Action, Adventure, Drama",8.1,,511.0
 Oh Yeah! Cartoons,244.,(1998–2002),10 min,"Animation, Short, Action",7.75,,139.0
 Oi dromoi tis polis,"6,277.",(1995–1996),Desconhecido,,,,0.0
 Once a Thief,128.,(1996–1998),Desconhecido,,7.75,,26.0
" Philip Marlowe, Private Eye",127.,(1983–1986),Desconhecido,,7.3,,65.0
 Police Story,213.,(1973–1987),113 min,"Action, Crime, Drama",7.074999999999999,,156.0
 Police Woman,180.,(1974–1978),60 min,"Action, Crime, Drama",5.0,,22.0
 Pretty Guardian Sailor Moon,"3,231.",(2003–2004),Desconhecido,"Action, Adventure, Fantasy",6.952272727272728,,398.0
 Quantum Leap,74.,(1989–1993),44 min,"Action, Adventure, Drama",7.8,,5375.0
 Ranma ½ OVA,86.,(1993–2008),Desconhecido,"Animation, Action, Comedy",6.9799999999999995,,896.0
 ReBoot,227.,(1994–2001),24 min,"Animation, Action, Adventure",8.8,"Michael Robison,Dick Zondag,Michael Benyaer,Kathleen Barr,Matthew Sinclair,Tony Jay",89.0
 Remington Steele,58.,(1982–1987),49 min,"Action, Adventure, Comedy",7.6,,233.0
 Rough Diamond,564.,(2005–2007),120 min,"Action, Crime, Drama",7.8,,159.0
 S.W.A.T.,115.,(1975–1976),95 min,"Action, Crime, Drama",7.7,,29.0
 SK Babies,242.,(1996–1999),85 min,"Action, Crime",4.5,,15.0
 SOKO Kitzbühel,575.,(2001– ),87 min,"Action, Crime",6.1,,17.0
 Sailor Moon,"3,315.",(1992–1997),24 min,"Animation, Action, Adventure",7.738028169014086,"Harume Kosaka,Kunihiko Ikuhara,Tomohisa Asô,Johnny Yong Bosch,Kira Buckland,Rica Fukami, Kônosuke Uda,Kunihiko Ikuhara,Kotono Mitsuishi,Aya Hisakawa,Michie Tomizawa,Emi Shinohara, Hiromichi Matano,Jun'ichi Satô,Kotono Mitsuishi,Keiko Han,Michie Tomizawa,Aya Hisakawa, Harume Kosaka,Kunihiko Ikuhara,Kae Araki,John Eric Bentley,Sandy Fox,Toshio Furukawa, Yûji Endô,Kunihiko Ikuhara,Kae Araki,Johnny Yong Bosch,Christine Marie Cabanos,Robbie Daymond, Kazuhisa Takenouchi,Jun'ichi Satô,Charlotte Ardai,Brian Beacock,Annelie Berg,Ewamaria Björkström-Roos, Kunihiko Ikuhara,Jun'ichi Satô,Kotono Mitsuishi,Keiko Han,Aya Hisakawa,Emi Shinohara, Yûji Endô,Jun'ichi Satô,Kotono Mitsuishi,Keiko Han,Tôru Furuya,Masaya Onosaka, Takao Yoshizawa,Jun'ichi Satô,Kotono Mitsuishi,Keiko Han,Aya Hisakawa,Emi Shinohara, Yûji Endô,Kunihiko Ikuhara,Kae Araki,Kira Buckland,Christine Marie Cabanos,Robbie Daymond, Takuya Igarashi,Kunihiko Ikuhara,Christine Marie Cabanos,Rica Fukami,Kate Higgins,Aya Hisakawa, Takuya Igarashi,Kunihiko Ikuhara,Kae Araki,Kira Buckland,Christine Marie Cabanos,Sandy Fox, Noriyo Sasaki,Kunihiko Ikuhara,Kotono Mitsuishi,Aya Hisakawa,Michie Tomizawa,Emi Shinohara, Harume Kosaka,Kunihiko Ikuhara,Kae Araki,Johnny Yong Bosch,Christine Marie Cabanos,Robbie Daymond, Takao Yoshizawa,Jun'ichi Satô,Kae Araki,Keiko Han,Tôru Furuya,Michie Tomizawa, Kazuhisa Takenouchi,Jun'ichi Satô,Kotono Mitsuishi,Keiko Han,Aya Hisakawa,Michie Tomizawa, Harume Kosaka,Kunihiko Ikuhara,Kotono Mitsuishi,Keiko Han,Michie Tomizawa,Aya Hisakawa, Harume Kosaka,Kunihiko Ikuhara,Kae Araki,Kira Buckland,Christine Marie Cabanos,Robbie Daymond, Kazuhisa Takenouchi,Jun'ichi Satô,Kotono Mitsuishi,Keiko Han,Tôru Furuya,Masaya Onosaka, Kunihiko Ikuhara,Jun'ichi Satô,Kotono Mitsuishi,Keiko Han,Shino Kakinuma,Masaya Onosaka, Noriyo Sasaki,Kunihiko Ikuhara,Kae Araki,John Eric Bentley,Johnny Yong Bosch,Robbie Daymond, Harume Kosaka,Kunihiko Ikuhara,Kotono Mitsuishi,Michie Tomizawa,Aya Hisakawa,Emi Shinohara, Hiroki Shibata,Kunihiko Ikuhara,Kae Araki,John Eric Bentley,Robbie Daymond,Sandy Fox, Yûji Endô,Kunihiko Ikuhara,Kae Araki,John Eric Bentley,Robbie Daymond,Debi Derryberry, Yûji Endô,Jun'ichi Satô,Kotono Mitsuishi,Keiko Han,Aya Hisakawa,Michie Tomizawa, Takuya Igarashi,Kunihiko Ikuhara,Kae Araki,Johnny Yong Bosch,Kira Buckland,Christine Marie Cabanos, Kônosuke Uda,Kunihiko Ikuhara,Kae Araki,Johnny Yong Bosch,Kira Buckland,Christine Marie Cabanos, Yûji Endô,Kunihiko Ikuhara,Kotono Mitsuishi,Keiko Han,Tôru Furuya,Michie Tomizawa, Harume Kosaka,Kunihiko Ikuhara,Kae Araki,John Eric Bentley,Johnny Yong Bosch,Robbie Daymond, Yûji Endô,Jun'ichi Satô,Kotono Mitsuishi,Keiko Han,Aya Hisakawa,Emi Shinohara, Kunihiko Ikuhara,Jun'ichi Satô,Kotono Mitsuishi,Keiko Han,Aya Hisakawa,Michie Tomizawa, Hiroki Shibata,Kunihiko Ikuhara,Kotono Mitsuishi,Aya Hisakawa,Michie Tomizawa,Emi Shinohara, Kônosuke Uda,Kunihiko Ikuhara,Kotono Mitsuishi,Michie Tomizawa,Aya Hisakawa,Emi Shinohara, Jun'ichi Satô,Kunihiko Ikuhara,Kotono Mitsuishi,Aya Hisakawa,Michie Tomizawa,Emi Shinohara, Takao Yoshizawa,Jun'ichi Satô,Kotono Mitsuishi,Keiko Han,Tôru Furuya,Michie Tomizawa, Yûji Endô,Kunihiko Ikuhara,Kae Araki,Johnny Yong Bosch,Robbie Daymond,Sandy Fox, Harume Kosaka,Kunihiko Ikuhara,Kotono Mitsuishi,Aya Hisakawa,Michie Tomizawa,Emi Shinohara, Hiroki Shibata,Kunihiko Ikuhara,Kae Araki,John Eric Bentley,Johnny Yong Bosch,Robbie Daymond, Harume Kosaka,Jun'ichi Satô,Kotono Mitsuishi,Keiko Han,Aya Hisakawa,Tôru Furuya, Kazuhisa Takenouchi,Jun'ichi Satô,Kotono Mitsuishi,Keiko Han,Michie Tomizawa,Aya Hisakawa, Jun'ichi Satô,Kunihiko Ikuhara,Yuri Amano,Kae Araki,John Eric Bentley,Robbie Daymond, Kônosuke Uda,Jun'ichi Satô,Kae Araki,Keiko Han,Tôru Furuya,Michie Tomizawa, Kunihiko Ikuhara,Jun'ichi Satô,Kae Araki,Tôru Furuya,Michie Tomizawa,Aya Hisakawa, Harume Kosaka,Kunihiko Ikuhara,Kae Araki,Johnny Yong Bosch,Robbie Daymond,Sandy Fox, Yûji Endô,Kunihiko Ikuhara,Kotono Mitsuishi,Aya Hisakawa,Michie Tomizawa,Emi Shinohara, Noriyo Sasaki,Kunihiko Ikuhara,Kotono Mitsuishi,Keiko Han,Tôru Furuya,Michie Tomizawa, Takuya Igarashi,Kunihiko Ikuhara,Kotono Mitsuishi,Aya Hisakawa,Michie Tomizawa,Emi Shinohara, Jun'ichi Satô,Kunihiko Ikuhara,Kotono Mitsuishi,Keiko Han,Tôru Furuya,Michie Tomizawa, Takao Yoshizawa,Jun'ichi Satô,Kotono Mitsuishi,Keiko Han,Tôru Furuya,Masaya Onosaka, Yûji Endô,Kunihiko Ikuhara,Kotono Mitsuishi,Tôru Furuya,Michie Tomizawa,Aya Hisakawa, Yûji Endô,Kunihiko Ikuhara,Kae Araki,John Eric Bentley,Johnny Yong Bosch,Robbie Daymond, Hiroki Shibata,Kunihiko Ikuhara,Kotono Mitsuishi,Keiko Han,Michie Tomizawa,Aya Hisakawa, Harume Kosaka,Jun'ichi Satô,Kotono Mitsuishi,Keiko Han,Aya Hisakawa,Michie Tomizawa",6362.0
 Sauveur Giordano,247.,(2001– ),Desconhecido,"Action, Thriller",7.040000000000001,,45.0
 SeaQuest 2032,521.,(1993–1996),44 min,"Action, Adventure, Family",6.65,,1374.0
 Secret Agent,"5,618.",(1964–1967),51 min,"Action, Adventure, Crime",7.876086956521737,"Michael Truman,Peter Yates,Patrick McGoohan,Yôko Tani,Amanda Barrie,Ronald Howard",3959.0
 Seven Days,119.,(1998–2001),43 min,"Action, Drama, Sci-Fi",7.5,,386.0
 Shaft,522.,(1973–1974),73 min,"Action, Crime, Drama",7.2,,31.0
 Sharpe,576.,(1993–2008),100 min,"Action, Adventure, Drama",7.686666666666667,,38258.0
 She-Ra: Princess of Power,126.,(1985–1987),22 min,"Animation, Action, Adventure",6.1,,55.0
 Shootfighter Tekken,567.,(2002– ),45 min,"Animation, Action, Sport",6.766666666666667,,79.0
 Simon &amp; Simon,523.,(1981–1989),Desconhecido,,7.5,,42.0
 Smallville,524.,(2001–2011),45 min,"Action, Adventure, Drama",7.3,"Philip Sgriccia,Michael W. Watkins,Tom Welling,Kristin Kreuk,Michael Rosenbaum,Eric Johnson",1773.0
 Spender,525.,(1991–1993),95 min,"Action, Drama",7.5,,14.0
 Spirit Warrior,145.,(1994),Desconhecido,,7.15,"Takuji Endo,Rintarô,Tomohisa Asô,Jon Avner,Edward Morrisson Garland,Denise Gottwald",42.0
 Star Trek: Deep Space Nine,529.,(1993–1999),90 min,"Action, Adventure, Drama",8.466666666666667,,9526.0
 Star Trek: Enterprise,216.,(2001–2005),43 min,"Action, Adventure, Drama",7.477419354838708,,153725.0
 Star Trek: The Next Generation,59.,(1987–1994),46 min,"Action, Adventure, Sci-Fi",8.325,,23528.0
 Star Trek: The Original Series,526.,(1966–1969),50 min,"Action, Adventure, Sci-Fi",7.433333333333333,"Marc Daniels,Robert Butler,William Shatner,Leonard Nimoy,Jeffrey Hunter,Susan Oliver",12382.0
 Star Trek: Voyager,531.,(1995–2001),46 min,"Action, Adventure, Sci-Fi",7.510000000000001,"David Livingston,Michael Vejar,Kate Mulgrew,Robert Beltran,Roxann Dawson,Robert Duncan McNeill, Cliff Bole,Terry Windell,Kate Mulgrew,Robert Beltran,Roxann Dawson,Robert Duncan McNeill",20992.0
 Stargate SG-1,169.,(1997–2007),92 min,"Action, Adventure, Drama",8.1,,3514.0
 Stargate: Atlantis,563.,(2004–2009),88 min,"Action, Adventure, Drama",8.3,,2147.0
 Super Electronic Bioman,"4,852.",(1984–1985),Desconhecido,,,,0.0
 Super Life-Form Transformers: Beast Wars Neo,"4,851.",(1999),Desconhecido,,,,0.0
 Super-Robot Metalder,"4,857.",(1987– ),Desconhecido,,,,0.0
 TaleSpin,229.,(1990–1991),91 min,"Animation, Action, Adventure",7.8,"Larry Latham,Robert Taylor,Charlie Adler,Jim Cummings,Pat Fraley,Ed Gilbert",248.0
 Tarzan,190.,(1966–1968),60 min,"Action, Adventure",6.4,,25.0
 Tarzan: The Epic Adventures,540.,(1996–2000),Desconhecido,,7.3,,13.0
 Teenage Mutant Ninja Turtles,201.,(1987–1996),24 min,"Animation, Action, Adventure",7.0,,123.0
 The A-Team,933.,(1983–1987),49 min,"Action, Adventure, Crime",6.997894736842105,,29091.0
 The Accuser,"1,076.",(2000– ),Desconhecido,,,,0.0
 The Adventures of Batman,"2,742.",(1968–1969),23 min,"Animation, Action, Adventure",6.1,"Hal Sutherland,Anatole Kirsanoff,Bud Collyer,Bob Hastings,Jackson Beck,Jack Grimes",104.0
" The Adventures of Brisco County, Jr.","1,127.",(1993–1994),45 min,"Action, Adventure, Comedy",7.800000000000001,,4542.0
 The Adventures of Robin Hood,"1,173.",(1955–1960),25 min,"Action, Adventure, Family",7.5007142857142854,"Terence Fisher,Bernard Knowles,Ian Hunter,Patricia Burke,Bernadette O'Farrell,Alexander Gauge, Ralph Smart,Bernard Knowles,Alan Wheatley,Leo McKern,Gerard Heinz,Alfie Bass, Robert Day,Peter Maxwell,Richard Greene,Alexander Gauge,Alan Wheatley,Archie Duncan, Ralph Smart,Daniel Birt,Richard Greene,Alexander Gauge,Alan Wheatley,Leslie Phillips, Terry Bishop,Sidney Cole,Richard Greene,Archie Duncan,John Sharplin,Patrick Troughton, Lindsay Anderson,Ralph Smart,Richard Greene,Alexander Gauge,Bernadette O'Farrell,Archie Duncan",4432.0
 The Adventures of Sinbad,"1,297.",(1996–1998),Desconhecido,,6.935999999999999,,869.0
 The Amazing Spider-Man,"1,805.",(1977–1979),Desconhecido,"Action, Adventure, Crime",7.008333333333333,,832.0
 The Americans,"1,846.",(1961– ),60 min,"Action, War",,,0.0
 The Avengers,"2,193.",(1961–1969),52 min,"Action, Comedy, Crime",7.377215189873417,"Roy Ward Baker,Peter Graham Scott,Patrick Macnee,Diana Rigg,Alan MacNaughtan,Patrick Newell, James Hill,Leslie Norman,Patrick Macnee,Diana Rigg,Dudley Foster,Yootha Joyce, Peter Duffell,Gordon Flemyng,Patrick Macnee,Diana Rigg,Nigel Green,Jack MacGowran, Peter Graham Scott,Wolf Rilla,Patrick Macnee,Diana Rigg,Patrick Cargill,Suzanne Lloyd, Ray Austin,Robert Asher,Harry Booth,Patrick Macnee,Linda Thorson,Johnny Sekka,Nicola Pagett, John Hough,Vernon Sewell,Patrick Macnee,Linda Thorson,Patrick Newell,Joyce Carey",29495.0
 The Batman,"2,708.",(2004–2008),21 min,"Animation, Action, Adventure",7.314705882352942,,7018.0
 The Bionic Woman,"3,213.",(1976–1978),48 min,"Action, Adventure, Drama",7.034545454545454,"Tom Connors,Bruce L. Shurley,Lindsay Wagner,Richard Anderson,Martin E. Brooks,Frank Converse",6176.0
 The Blue Knight,"3,859.",(1975–1976),60 min,"Action, Crime, Drama",6.8,,7.0
 The Boondocks,"3,920.",(2005–2014),22 min,"Animation, Action, Comedy",8.133333333333333,"Anthony Bell,Lesean Thomas,Regina King,John Witherspoon,Cedric Yarbrough,Gary Anthony Williams,« Previous,Next »,TV Episodes,Action,Adventure,Drama,Comedy,Animation,Fantasy,Sci-Fi,Family,Crime,Thriller,Romance,Mystery,Sport,Game-Show,Music,Horror,History,War,Short,Reality-TV,Western,Talk-Show,Biography,Documentary,Musical,News,<svg version=""1.1"" id=""Layer_1"" xmlns=""http://www.w3.org/2000/svg"" x=""0px"" y=""0px"" viewBox=""0 0 30 14"" class=""sc-bcXHqe xhbNo"", Joe Horne,Lesean Thomas,Regina King,John Witherspoon,Cedric Yarbrough,Gary Anthony Williams, Anthony Bell,Lesean Thomas,Regina King,John Witherspoon,Cedric Yarbrough,Gary Anthony Williams",4694.0
 The Cape,"4,641.",(1996–1997),Desconhecido,,7.266666666666667,,15.0
 The Collector,"5,100.",(2004–2006),44 min,"Action, Drama, Fantasy",7.472222222222222,,728.0
 The Contender,"5,389.",(2005– ),Desconhecido,,6.2733333333333325,,415.0
 The Crocodile Hunter,226.,(1996–2004),60 min,"Documentary, Action, Adventure",8.614285714285716,,388.0
 The Crow: Stairway to Heaven,"5,511.",(1998–1999),Desconhecido,"Action, Crime, Drama",7.845454545454545,,991.0
 The Detectives,"5,930.",(1959–1962),30 min,"Action, Crime, Drama",7.443333333333333,,507.0
 The Dukes of Hazzard,"6,375.",(1979–1985),49 min,"Action, Comedy",7.35,,21059.0
 The Equalizer,212.,(1985–1989),46 min,"Action, Crime, Drama",7.660919540229883,,6753.0
 The Exile,"6,948.",(1991– ),Desconhecido,"Action, Thriller",,,0.0
 The Fall Guy,"7,089.",(1981–1986),Desconhecido,"Action, Adventure, Comedy",7.26,,6757.0
 The Famous Jett Jackson,"7,137.",(1998–2001),Desconhecido,"Action, Adventure, Comedy",6.0372881355932195,"Pat Williams,Patrick Williams,Lee Thompson Young,Ryan Sommers Baum,Gordon Greene,Montrose Hagins, Shawn Levy,James Marshall,Lee Thompson Young,Ryan Sommers Baum,Gordon Greene,Montrose Hagins, Shawn Levy,Patrick Williams,Lee Thompson Young,Ryan Sommers Baum,Kerry Duff,Gordon Greene",488.0
 The Flash,78.,(1990–1991),47 min,"Action, Crime, Fantasy",7.190476190476191,,4869.0
 The Fugitive,"7,603.",(2000–2001),Desconhecido,"Action, Drama, Mystery",7.495454545454546,,500.0
 The Gallant Men,"7,664.",(1962–1963),60 min,"Action, War, Drama",7.882352941176471,,144.0
 The Girl from U.N.C.L.E.,"7,973.",(1966–1967),60 min,"Action, Adventure, Comedy",7.089655172413793,,799.0
 The Green Hornet,"8,206.",(1966–1967),30 min,"Action, Adventure, Crime",7.28,,2169.0
 The Head,"8,734.",(1994–1996),21 min,"Animation, Action, Adventure",6.2,,16.0
 The Highwayman,"9,091.",(1987–1988),Desconhecido,"Action, Sci-Fi",6.5125,,293.0
 The Huntress,157.,(2000–2001),120 min,"Action, Crime, Drama",6.2,,198.0
 The Incredible Hulk,130.,(1977–1982),95 min,"Action, Adventure, Drama",7.0,,701.0
 The Invisible Man,160.,(2000–2002),120 min,"Action, Comedy, Sci-Fi",7.7,,468.0
 The New Batman Adventures,"2,743.",(1997–1999),22 min,"Animation, Action, Adventure",7.678260869565219,,17121.0
 The Sentinel,102.,(1996–1999),Desconhecido,,8.0,,348.0
 The Six Million Dollar Man,111.,(1974–1978),60 min,"Action, Crime, Drama",7.0,,197.0
 The Tiger Brigades,"3,930.",(1974–1983),Desconhecido,"Action, Crime, Thriller",7.805555555555555,,2943.0
 The Time Tunnel,541.,(1966–1967),50 min,"Action, Adventure, Sci-Fi",5.8,,155.0
 The Unfettered Shogun,"1,030.",(1978–2008),Desconhecido,,,,0.0
 The Young Indiana Jones Chronicles,546.,(1992–1993),82 min,"Action, Adventure, Family",7.525,"Carl Schultz,Jim O'Brien,Sean Patrick Flanery,Corey Carrier,Margaret Tyzack,Ronny Coutteure",1136.0
 Total Recall 2070,120.,(1999),60 min,"Action, Drama, Mystery",6.3,,506.0
 Vampire Princess Miyu,68.,(1997–1998),Desconhecido,,6.8500000000000005,"Toshiki Hirano,Keitarô Motonaga,Miki Nagasawa,Shin'ichirô Miki,Megumi Ogata,Asako Shirakura, Toshiki Hirano,Shigeru Yamazaki,Miki Nagasawa,Shin'ichirô Miki,Megumi Ogata,Asako Shirakura",39.0
 Verschollen in Thailand,110.,(1997– ),95 min,Action,2.9,,16.0
 Vertiges,204.,(1997–2003),90 min,"Action, Crime, Drama",5.175862068965517,,680.0
 Violence Jack,186.,(1986–1990),37 min,"Animation, Action, Drama",5.3999999999999995,,998.0
" Walker, Texas Ranger",542.,(1993–2001),94 min,"Action, Adventure, Crime",7.1,,288.0
 What a Cartoon!,215.,(1995–2002),Desconhecido,"Animation, Short, Action",7.900000000000001,,386.0
 Wolff's Turf,543.,(1992–2006),47 min,"Action, Crime, Drama",,,0.0
 Xena: Warrior Princess,545.,(1995–2001),45 min,"Action, Adventure, Drama",8.5,,615.0
